"stasiun_id";"tanggal";"pm10";"pm25";"co";"o3";"categori"
1;"2010-01-01";60;0;73;27;"SEDANG"
1;"2010-01-02";32;0;16;33;"BAIK"
1;"2010-01-03";27;0;19;20;"BAIK"
1;"2010-01-04";22;0;16;15;"BAIK"
1;"2010-01-05";25;0;17;15;"BAIK"
1;"2010-01-06";30;0;22;19;"BAIK"
1;"2010-01-07";41;0;24;27;"BAIK"
1;"2010-01-08";64;0;51;19;"SEDANG"
1;"2010-01-09";55;0;39;23;"SEDANG"
1;"2010-01-10";34;0;23;26;"BAIK"
1;"2010-01-11";55;0;32;23;"SEDANG"
1;"2010-01-12";45;0;33;9;"BAIK"
1;"2010-01-13";28;0;29;10;"BAIK"
1;"2010-01-14";38;0;28;15;"BAIK"
1;"2010-01-15";35;0;33;17;"BAIK"
1;"2010-01-16";54;0;38;17;"SEDANG"
1;"2010-01-17";44;0;28;22;"BAIK"
1;"2010-01-18";38;0;29;24;"BAIK"
1;"2010-01-19";40;0;43;23;"BAIK"
1;"2010-01-20";61;0;63;16;"SEDANG"
1;"2010-01-21";36;0;27;23;"BAIK"
1;"2010-01-22";51;0;45;14;"SEDANG"
1;"2010-01-23";35;0;30;20;"BAIK"
1;"2010-01-24";56;0;46;30;"SEDANG"
1;"2010-01-25";59;0;38;18;"SEDANG"
1;"2010-01-26";43;0;42;19;"BAIK"
1;"2010-01-27";54;0;38;40;"SEDANG"
1;"2010-01-28";72;0;55;20;"SEDANG"
1;"2010-01-29";51;0;24;19;"SEDANG"
1;"2010-01-30";47;0;32;19;"BAIK"
1;"2010-01-31";32;0;25;26;"BAIK"
1;"2010-02-01";41;0;30;17;"BAIK"
1;"2010-02-02";50;0;30;23;"BAIK"
1;"2010-02-03";49;0;33;57;"SEDANG"
1;"2010-02-04";59;0;38;75;"SEDANG"
1;"2010-02-05";63;0;39;41;"SEDANG"
1;"2010-02-06";65;0;59;24;"SEDANG"
1;"2010-02-07";60;0;45;47;"SEDANG"
1;"2010-02-08";46;0;31;42;"BAIK"
1;"2010-02-09";52;0;30;34;"SEDANG"
1;"2010-02-10";50;0;31;39;"BAIK"
1;"2010-02-11";47;0;27;26;"BAIK"
1;"2010-02-12";56;0;33;45;"SEDANG"
1;"2010-02-13";55;0;39;14;"SEDANG"
1;"2010-02-14";55;0;61;16;"SEDANG"
1;"2010-02-15";40;0;30;63;"SEDANG"
1;"2010-02-16";56;0;43;25;"SEDANG"
1;"2010-02-17";52;0;34;30;"SEDANG"
1;"2010-02-18";41;0;26;14;"BAIK"
1;"2010-02-19";37;0;43;17;"BAIK"
1;"2010-02-20";52;0;64;18;"SEDANG"
1;"2010-02-21";61;0;53;36;"SEDANG"
1;"2010-02-22";34;0;31;23;"BAIK"
1;"2010-02-23";57;0;35;42;"SEDANG"
1;"2010-02-24";59;0;44;93;"SEDANG"
1;"2010-02-25";65;0;55;26;"SEDANG"
1;"2010-02-26";68;0;67;67;"SEDANG"
1;"2010-02-27";67;0;47;47;"SEDANG"
1;"2010-02-28";65;0;38;80;"SEDANG"
1;"2010-03-01";60;0;39;44;"SEDANG"
1;"2010-03-02";74;0;56;68;"SEDANG"
1;"2010-03-03";54;0;35;77;"SEDANG"
1;"2010-03-04";59;0;32;62;"SEDANG"
1;"2010-03-05";62;0;35;31;"SEDANG"
1;"2010-03-06";72;0;54;43;"SEDANG"
1;"2010-03-07";59;0;46;57;"SEDANG"
1;"2010-03-08";56;0;37;39;"SEDANG"
1;"2010-03-09";45;0;33;27;"BAIK"
1;"2010-03-10";44;0;37;41;"BAIK"
1;"2010-03-11";51;0;37;18;"SEDANG"
1;"2010-03-12";43;0;42;39;"BAIK"
1;"2010-03-13";74;0;46;64;"SEDANG"
1;"2010-03-14";61;0;27;27;"SEDANG"
1;"2010-03-15";52;0;28;30;"SEDANG"
1;"2010-03-16";40;0;25;45;"BAIK"
1;"2010-03-17";50;0;30;25;"BAIK"
1;"2010-03-18";58;0;33;23;"SEDANG"
1;"2010-03-19";63;0;44;36;"SEDANG"
1;"2010-03-20";54;0;29;66;"SEDANG"
1;"2010-03-21";52;0;33;31;"SEDANG"
1;"2010-03-22";37;0;22;15;"BAIK"
1;"2010-03-23";52;0;44;42;"SEDANG"
1;"2010-03-24";0;0;41;99;"SEDANG"
1;"2010-03-25";55;0;33;46;"SEDANG"
1;"2010-03-26";48;0;45;57;"SEDANG"
1;"2010-03-27";61;0;41;59;"SEDANG"
1;"2010-03-28";56;0;44;45;"SEDANG"
1;"2010-03-29";50;0;34;27;"BAIK"
1;"2010-03-30";44;0;33;0;"BAIK"
1;"2010-03-31";58;0;57;0;"SEDANG"
1;"2010-04-01";59;0;46;0;"SEDANG"
1;"2010-04-02";57;0;31;88;"SEDANG"
1;"2010-04-03";37;0;18;0;"BAIK"
1;"2010-04-04";39;0;29;0;"BAIK"
1;"2010-04-05";63;0;50;0;"SEDANG"
1;"2010-04-06";70;0;52;0;"SEDANG"
1;"2010-04-07";70;0;42;62;"SEDANG"
1;"2010-04-08";65;0;54;102;"TIDAK SEHAT"
1;"2010-04-09";59;0;46;27;"SEDANG"
1;"2010-04-10";40;0;33;33;"BAIK"
1;"2010-04-11";45;0;31;21;"BAIK"
1;"2010-04-12";66;0;39;80;"SEDANG"
1;"2010-04-13";57;0;34;80;"SEDANG"
1;"2010-04-14";70;0;40;59;"SEDANG"
1;"2010-04-15";70;0;57;41;"SEDANG"
1;"2010-04-16";38;0;30;42;"BAIK"
1;"2010-04-17";38;0;26;28;"BAIK"
1;"2010-04-18";36;0;22;27;"BAIK"
1;"2010-04-19";36;0;24;20;"BAIK"
1;"2010-04-20";39;0;27;24;"BAIK"
1;"2010-04-21";41;0;23;30;"BAIK"
1;"2010-04-22";37;0;34;25;"BAIK"
1;"2010-04-23";29;0;22;23;"BAIK"
1;"2010-04-24";31;0;28;36;"BAIK"
1;"2010-04-25";50;0;26;55;"SEDANG"
1;"2010-04-26";58;0;31;67;"SEDANG"
1;"2010-04-27";67;0;30;52;"SEDANG"
1;"2010-04-28";56;0;26;30;"SEDANG"
1;"2010-04-29";61;0;34;61;"SEDANG"
1;"2010-04-30";76;0;42;42;"SEDANG"
1;"2010-05-01";60;0;24;28;"SEDANG"
1;"2010-05-02";58;0;19;31;"SEDANG"
1;"2010-05-03";60;0;29;73;"SEDANG"
1;"2010-05-04";53;0;27;31;"SEDANG"
1;"2010-05-05";53;0;26;35;"SEDANG"
1;"2010-05-06";53;0;25;21;"SEDANG"
1;"2010-05-07";67;0;33;33;"SEDANG"
1;"2010-05-08";57;0;24;26;"SEDANG"
1;"2010-05-09";0;0;28;51;"SEDANG"
1;"2010-05-10";0;0;43;75;"SEDANG"
1;"2010-05-11";0;0;42;60;"SEDANG"
1;"2010-05-12";61;0;50;32;"SEDANG"
1;"2010-05-13";52;0;40;65;"SEDANG"
1;"2010-05-14";59;0;46;69;"SEDANG"
1;"2010-05-15";52;0;45;92;"SEDANG"
1;"2010-05-16";56;0;29;65;"SEDANG"
1;"2010-05-17";55;0;55;32;"SEDANG"
1;"2010-05-18";57;0;45;50;"SEDANG"
1;"2010-05-19";69;0;39;79;"SEDANG"
1;"2010-05-20";58;0;38;57;"SEDANG"
1;"2010-05-21";53;0;37;60;"SEDANG"
1;"2010-05-22";63;0;50;54;"SEDANG"
1;"2010-05-23";57;0;28;50;"SEDANG"
1;"2010-05-24";54;0;37;42;"SEDANG"
1;"2010-05-25";56;0;34;43;"SEDANG"
1;"2010-05-26";55;0;41;123;"TIDAK SEHAT"
1;"2010-05-27";58;0;50;113;"TIDAK SEHAT"
1;"2010-05-28";68;0;49;24;"SEDANG"
1;"2010-05-29";54;0;30;28;"SEDANG"
1;"2010-05-30";59;0;41;64;"SEDANG"
1;"2010-05-31";56;0;33;25;"SEDANG"
1;"2010-06-01";55;0;35;31;"SEDANG"
1;"2010-06-02";58;0;42;93;"SEDANG"
1;"2010-06-03";72;0;38;55;"SEDANG"
1;"2010-06-04";59;0;36;30;"SEDANG"
1;"2010-06-05";57;0;39;87;"SEDANG"
1;"2010-06-06";59;0;47;42;"SEDANG"
1;"2010-06-07";70;0;39;52;"SEDANG"
1;"2010-06-08";77;0;95;18;"SEDANG"
1;"2010-06-09";54;0;36;45;"SEDANG"
1;"2010-06-10";79;0;46;34;"SEDANG"
1;"2010-06-11";60;0;33;27;"SEDANG"
1;"2010-06-12";64;0;39;23;"SEDANG"
1;"2010-06-13";59;0;64;29;"SEDANG"
1;"2010-06-14";55;0;31;29;"SEDANG"
1;"2010-06-15";57;0;34;31;"SEDANG"
1;"2010-06-16";55;0;71;27;"SEDANG"
1;"2010-06-17";75;0;71;30;"SEDANG"
1;"2010-06-18";74;0;50;74;"SEDANG"
1;"2010-06-19";59;0;37;71;"SEDANG"
1;"2010-06-20";49;0;23;28;"BAIK"
1;"2010-06-21";51;0;31;28;"SEDANG"
1;"2010-06-22";58;0;36;41;"SEDANG"
1;"2010-06-23";64;0;32;41;"SEDANG"
1;"2010-06-24";0;0;30;0;"BAIK"
1;"2010-06-25";0;0;0;0;"TIDAK ADA DATA"
1;"2010-06-26";56;0;30;44;"SEDANG"
1;"2010-06-27";69;0;46;55;"SEDANG"
1;"2010-06-28";60;0;40;36;"SEDANG"
1;"2010-06-29";65;0;34;33;"SEDANG"
1;"2010-06-30";50;0;29;22;"BAIK"
1;"2010-07-01";55;0;25;27;"SEDANG"
1;"2010-07-02";62;0;37;66;"SEDANG"
1;"2010-07-03";64;0;34;76;"SEDANG"
1;"2010-07-04";56;0;46;51;"SEDANG"
1;"2010-07-05";54;0;30;36;"SEDANG"
1;"2010-07-06";55;0;34;35;"SEDANG"
1;"2010-07-07";63;0;37;37;"SEDANG"
1;"2010-07-08";74;0;71;43;"SEDANG"
1;"2010-07-09";51;0;34;39;"SEDANG"
1;"2010-07-10";55;0;44;34;"SEDANG"
1;"2010-07-11";58;0;43;33;"SEDANG"
1;"2010-07-12";61;0;43;64;"SEDANG"
1;"2010-07-13";66;0;36;33;"SEDANG"
1;"2010-07-14";61;0;37;30;"SEDANG"
1;"2010-07-15";63;0;31;31;"SEDANG"
1;"2010-07-16";63;0;39;31;"SEDANG"
1;"2010-07-17";81;0;41;43;"SEDANG"
1;"2010-07-18";61;0;33;45;"SEDANG"
1;"2010-07-19";53;0;35;37;"SEDANG"
1;"2010-07-20";52;0;40;54;"SEDANG"
1;"2010-07-21";60;0;41;39;"SEDANG"
1;"2010-07-22";62;0;39;60;"SEDANG"
1;"2010-07-23";65;0;36;46;"SEDANG"
1;"2010-07-24";55;0;30;45;"SEDANG"
1;"2010-07-25";60;0;27;65;"SEDANG"
1;"2010-07-26";62;0;31;40;"SEDANG"
1;"2010-07-27";49;0;31;29;"BAIK"
1;"2010-07-28";57;0;44;59;"SEDANG"
1;"2010-07-29";63;0;40;38;"SEDANG"
1;"2010-07-30";48;0;31;22;"BAIK"
1;"2010-07-31";50;0;21;25;"BAIK"
1;"2010-08-01";48;0;19;47;"BAIK"
1;"2010-08-02";57;0;36;57;"SEDANG"
1;"2010-08-03";61;0;31;48;"SEDANG"
1;"2010-08-04";0;0;0;0;"TIDAK ADA DATA"
1;"2010-08-05";76;0;0;56;"SEDANG"
1;"2010-08-06";60;0;38;59;"SEDANG"
1;"2010-08-07";61;0;40;80;"SEDANG"
1;"2010-08-08";60;0;42;73;"SEDANG"
1;"2010-08-09";61;0;40;77;"SEDANG"
1;"2010-08-10";63;0;36;35;"SEDANG"
1;"2010-08-11";0;0;23;34;"BAIK"
1;"2010-08-12";0;0;20;27;"BAIK"
1;"2010-08-13";54;0;20;31;"SEDANG"
1;"2010-08-14";43;0;33;28;"BAIK"
1;"2010-08-15";53;0;27;44;"SEDANG"
1;"2010-08-16";60;0;34;37;"SEDANG"
1;"2010-08-17";54;0;43;46;"SEDANG"
1;"2010-08-18";60;0;45;74;"SEDANG"
1;"2010-08-19";39;0;40;34;"BAIK"
1;"2010-08-20";44;0;36;29;"BAIK"
1;"2010-08-21";52;0;45;30;"SEDANG"
1;"2010-08-22";48;0;28;71;"SEDANG"
1;"2010-08-23";65;0;34;48;"SEDANG"
1;"2010-08-24";51;0;23;43;"SEDANG"
1;"2010-08-25";68;0;80;45;"SEDANG"
1;"2010-08-26";45;0;25;33;"BAIK"
1;"2010-08-27";49;0;33;36;"BAIK"
1;"2010-08-28";48;0;45;67;"SEDANG"
1;"2010-08-29";59;0;39;70;"SEDANG"
1;"2010-08-30";57;0;22;35;"SEDANG"
1;"2010-08-31";52;0;27;35;"SEDANG"
1;"2010-09-01";53;0;28;43;"SEDANG"
1;"2010-09-02";56;0;35;44;"SEDANG"
1;"2010-09-03";53;0;39;52;"SEDANG"
1;"2010-09-04";47;0;32;44;"BAIK"
1;"2010-09-05";48;0;26;54;"SEDANG"
1;"2010-09-06";51;0;35;26;"SEDANG"
1;"2010-09-07";56;0;45;30;"SEDANG"
1;"2010-09-08";50;0;43;65;"SEDANG"
1;"2010-09-09";38;0;32;29;"BAIK"
1;"2010-09-10";51;0;45;39;"SEDANG"
1;"2010-09-11";37;0;25;55;"SEDANG"
1;"2010-09-12";25;0;18;50;"BAIK"
1;"2010-09-13";24;0;18;51;"SEDANG"
1;"2010-09-14";28;0;26;42;"BAIK"
1;"2010-09-15";36;0;34;42;"BAIK"
1;"2010-09-16";36;0;28;21;"BAIK"
1;"2010-09-17";31;0;26;49;"BAIK"
1;"2010-09-18";51;0;32;50;"SEDANG"
1;"2010-09-19";49;0;25;34;"BAIK"
1;"2010-09-20";37;0;30;39;"BAIK"
1;"2010-09-21";41;0;30;30;"BAIK"
1;"2010-09-22";55;0;64;45;"SEDANG"
1;"2010-09-23";57;0;53;57;"SEDANG"
1;"2010-09-24";55;0;49;58;"SEDANG"
1;"2010-09-25";57;0;49;32;"SEDANG"
1;"2010-09-26";32;0;20;46;"BAIK"
1;"2010-09-27";50;0;36;51;"SEDANG"
1;"2010-09-28";37;0;31;71;"SEDANG"
1;"2010-09-29";62;0;35;78;"SEDANG"
1;"2010-09-30";65;0;36;62;"SEDANG"
1;"2010-10-01";54;0;32;100;"SEDANG"
1;"2010-10-02";56;0;41;67;"SEDANG"
1;"2010-10-03";60;0;62;43;"SEDANG"
1;"2010-10-04";39;0;44;51;"SEDANG"
1;"2010-10-05";54;0;39;63;"SEDANG"
1;"2010-10-06";69;0;41;71;"SEDANG"
1;"2010-10-07";50;0;42;80;"SEDANG"
1;"2010-10-08";62;0;36;59;"SEDANG"
1;"2010-10-09";53;0;44;62;"SEDANG"
1;"2010-10-10";41;0;23;55;"SEDANG"
1;"2010-10-11";46;0;28;111;"TIDAK SEHAT"
1;"2010-10-12";59;0;31;95;"SEDANG"
1;"2010-10-13";52;0;28;56;"SEDANG"
1;"2010-10-14";51;0;32;60;"SEDANG"
1;"2010-10-15";49;0;46;43;"BAIK"
1;"2010-10-16";48;0;31;40;"BAIK"
1;"2010-10-17";48;0;25;46;"BAIK"
1;"2010-10-18";54;0;38;64;"SEDANG"
1;"2010-10-19";47;0;31;69;"SEDANG"
1;"2010-10-20";47;0;35;70;"SEDANG"
1;"2010-10-21";41;0;33;90;"SEDANG"
1;"2010-10-22";48;0;31;75;"SEDANG"
1;"2010-10-23";56;0;59;66;"SEDANG"
1;"2010-10-24";52;0;35;37;"SEDANG"
1;"2010-10-25";43;0;38;58;"SEDANG"
1;"2010-10-26";37;0;48;32;"BAIK"
1;"2010-10-27";43;0;34;70;"SEDANG"
1;"2010-10-28";40;0;32;69;"SEDANG"
1;"2010-10-29";49;0;32;57;"SEDANG"
1;"2010-10-30";57;0;37;55;"SEDANG"
1;"2010-10-31";39;0;30;36;"BAIK"
1;"2010-11-01";0;0;0;0;"TIDAK ADA DATA"
1;"2010-11-02";33;0;18;25;"BAIK"
1;"2010-11-03";56;0;32;48;"SEDANG"
1;"2010-11-04";54;0;47;33;"SEDANG"
2;"2010-11-05";13;0;22;54;"SEDANG"
1;"2010-11-06";49;0;30;26;"BAIK"
3;"2010-11-07";69;0;19;80;"SEDANG"
3;"2010-11-08";32;0;8;56;"SEDANG"
2;"2010-11-09";14;0;17;78;"SEDANG"
3;"2010-11-10";55;0;15;215;"SANGAT TIDAK SEHAT"
3;"2010-11-11";56;0;16;126;"TIDAK SEHAT"
3;"2010-11-12";44;0;22;81;"SEDANG"
2;"2010-11-13";16;0;15;123;"TIDAK SEHAT"
3;"2010-11-14";52;0;31;67;"SEDANG"
3;"2010-11-15";51;0;16;130;"TIDAK SEHAT"
3;"2010-11-16";64;0;32;137;"TIDAK SEHAT"
3;"2010-11-17";61;0;33;136;"TIDAK SEHAT"
3;"2010-11-18";57;0;20;206;"SANGAT TIDAK SEHAT"
4;"2010-11-19";0;0;33;148;"TIDAK SEHAT"
3;"2010-11-20";67;0;19;195;"TIDAK SEHAT"
3;"2010-11-21";68;0;27;154;"TIDAK SEHAT"
3;"2010-11-22";55;0;15;238;"SANGAT TIDAK SEHAT"
3;"2010-11-23";69;0;18;112;"TIDAK SEHAT"
3;"2010-11-24";52;0;12;146;"TIDAK SEHAT"
3;"2010-11-25";52;0;12;190;"TIDAK SEHAT"
3;"2010-11-26";61;0;19;172;"TIDAK SEHAT"
3;"2010-11-27";53;0;15;189;"TIDAK SEHAT"
2;"2010-11-28";0;0;43;92;"SEDANG"
1;"2010-11-29";56;0;37;93;"SEDANG"
4;"2010-11-30";66;0;18;74;"SEDANG"
3;"2010-12-01";58;0;12;80;"SEDANG"
3;"2010-12-02";53;0;12;80;"SEDANG"
3;"2010-12-03";59;0;16;82;"SEDANG"
4;"2010-12-04";74;0;28;46;"SEDANG"
4;"2010-12-05";60;0;38;18;"SEDANG"
4;"2010-12-06";55;0;15;23;"SEDANG"
4;"2010-12-07";54;0;13;19;"SEDANG"
4;"2010-12-08";61;0;12;21;"SEDANG"
3;"2010-12-09";35;0;10;58;"SEDANG"
4;"2010-12-10";63;0;12;29;"SEDANG"
4;"2010-12-11";54;0;9;19;"SEDANG"
4;"2010-12-12";56;0;17;24;"SEDANG"
3;"2010-12-13";39;0;7;83;"SEDANG"
4;"2010-12-14";82;0;27;33;"SEDANG"
3;"2010-12-15";58;0;17;119;"TIDAK SEHAT"
3;"2010-12-16";41;0;8;44;"BAIK"
1;"2010-12-17";38;0;20;23;"BAIK"
3;"2010-12-18";34;0;6;28;"BAIK"
3;"2010-12-19";49;0;15;32;"BAIK"
3;"2010-12-20";51;0;13;31;"SEDANG"
3;"2010-12-21";40;0;7;32;"BAIK"
4;"2010-12-22";55;0;9;29;"SEDANG"
4;"2010-12-23";59;0;18;27;"SEDANG"
3;"2010-12-24";62;0;16;241;"SANGAT TIDAK SEHAT"
3;"2010-12-25";65;0;16;80;"SEDANG"
3;"2010-12-26";65;0;20;52;"SEDANG"
3;"2010-12-27";38;0;4;54;"SEDANG"
4;"2010-12-28";0;0;8;57;"SEDANG"
3;"2010-12-29";42;0;9;40;"BAIK"
3;"2010-12-30";38;0;4;40;"BAIK"
2;"2010-12-31";17;0;13;34;"BAIK"
3;"2011-01-01";0;0;7;76;"SEDANG"
1;"2011-01-02";35;0;15;47;"BAIK"
1;"2011-01-03";41;0;28;21;"BAIK"
3;"2011-01-04";0;0;5;77;"SEDANG"
3;"2011-01-05";56;0;15;61;"SEDANG"
3;"2011-01-06";53;0;30;94;"SEDANG"
3;"2011-01-07";50;0;8;67;"SEDANG"
3;"2011-01-08";70;0;25;69;"SEDANG"
3;"2011-01-09";74;0;34;78;"SEDANG"
3;"2011-01-10";55;0;8;89;"SEDANG"
3;"2011-01-11";49;0;8;63;"SEDANG"
4;"2011-01-12";60;0;14;31;"SEDANG"
3;"2011-01-13";67;0;14;73;"SEDANG"
3;"2011-01-14";70;0;9;55;"SEDANG"
3;"2011-01-15";90;0;8;58;"SEDANG"
4;"2011-01-16";66;0;11;16;"SEDANG"
4;"2011-01-17";67;0;18;39;"SEDANG"
3;"2011-01-18";80;0;29;48;"SEDANG"
3;"2011-01-19";0;0;70;48;"SEDANG"
1;"2011-01-20";49;0;25;31;"BAIK"
3;"2011-01-21";0;0;28;55;"SEDANG"
4;"2011-01-22";65;0;39;50;"SEDANG"
4;"2011-01-23";67;0;59;48;"SEDANG"
4;"2011-01-24";63;0;32;36;"SEDANG"
4;"2011-01-25";60;0;25;59;"SEDANG"
4;"2011-01-26";58;0;20;70;"SEDANG"
3;"2011-01-27";94;0;21;40;"SEDANG"
4;"2011-01-28";68;0;38;34;"SEDANG"
4;"2011-01-29";48;0;12;40;"BAIK"
4;"2011-01-30";56;0;15;40;"SEDANG"
4;"2011-01-31";47;0;10;21;"BAIK"
4;"2011-02-01";56;0;18;29;"SEDANG"
4;"2011-02-02";60;0;23;40;"SEDANG"
4;"2011-02-03";50;0;20;48;"BAIK"
4;"2011-02-04";49;0;15;34;"BAIK"
4;"2011-02-05";56;0;44;28;"SEDANG"
4;"2011-02-06";38;0;13;38;"BAIK"
4;"2011-02-07";51;0;20;32;"SEDANG"
4;"2011-02-08";57;0;38;53;"SEDANG"
4;"2011-02-09";55;0;14;70;"SEDANG"
4;"2011-02-10";73;0;38;64;"SEDANG"
4;"2011-02-11";0;0;55;99;"SEDANG"
3;"2011-02-12";0;0;79;85;"SEDANG"
3;"2011-02-13";0;0;34;97;"SEDANG"
4;"2011-02-14";62;0;16;35;"SEDANG"
4;"2011-02-15";55;0;39;52;"SEDANG"
4;"2011-02-16";65;0;39;35;"SEDANG"
3;"2011-02-17";20;0;31;61;"SEDANG"
4;"2011-02-18";59;0;22;50;"SEDANG"
4;"2011-02-19";59;0;33;42;"SEDANG"
4;"2011-02-20";53;0;21;46;"SEDANG"
3;"2011-02-21";21;0;12;56;"SEDANG"
4;"2011-02-22";68;0;47;44;"SEDANG"
4;"2011-02-23";63;0;27;43;"SEDANG"
4;"2011-02-24";47;0;23;47;"BAIK"
4;"2011-02-25";61;0;23;42;"SEDANG"
4;"2011-02-26";62;0;23;44;"SEDANG"
4;"2011-02-27";55;0;38;27;"SEDANG"
4;"2011-02-28";52;0;33;21;"SEDANG"
2;"2011-03-01";16;0;24;42;"BAIK"
4;"2011-03-02";40;0;10;20;"BAIK"
4;"2011-03-03";53;0;17;36;"SEDANG"
4;"2011-03-04";51;0;13;24;"SEDANG"
4;"2011-03-05";40;0;11;25;"BAIK"
4;"2011-03-06";51;0;18;15;"SEDANG"
4;"2011-03-07";54;0;15;25;"SEDANG"
4;"2011-03-08";43;0;7;20;"BAIK"
4;"2011-03-09";51;0;9;31;"SEDANG"
4;"2011-03-10";54;0;17;43;"SEDANG"
4;"2011-03-11";58;0;13;48;"SEDANG"
2;"2011-03-12";24;0;16;60;"SEDANG"
4;"2011-03-13";67;0;19;42;"SEDANG"
4;"2011-03-14";68;0;32;22;"SEDANG"
2;"2011-03-15";0;0;20;72;"SEDANG"
2;"2011-03-16";0;0;27;96;"SEDANG"
3;"2011-03-17";22;0;17;111;"TIDAK SEHAT"
4;"2011-03-18";87;0;21;52;"SEDANG"
4;"2011-03-19";78;0;29;60;"SEDANG"
3;"2011-03-20";16;0;16;83;"SEDANG"
4;"2011-03-21";52;0;14;29;"SEDANG"
4;"2011-03-22";52;0;10;28;"SEDANG"
4;"2011-03-23";51;0;8;17;"SEDANG"
4;"2011-03-24";47;0;8;21;"BAIK"
4;"2011-03-25";47;0;15;32;"BAIK"
4;"2011-03-26";51;0;10;24;"SEDANG"
4;"2011-03-27";55;0;16;21;"SEDANG"
4;"2011-03-28";44;0;5;18;"BAIK"
4;"2011-03-29";45;0;10;13;"BAIK"
4;"2011-03-30";49;0;10;14;"BAIK"
4;"2011-03-31";42;0;7;14;"BAIK"
4;"2011-04-01";45;0;10;14;"BAIK"
4;"2011-04-02";48;0;7;17;"BAIK"
4;"2011-04-03";52;0;8;18;"SEDANG"
4;"2011-04-04";50;0;13;24;"BAIK"
4;"2011-04-05";59;0;9;22;"SEDANG"
4;"2011-04-06";52;0;7;21;"SEDANG"
4;"2011-04-07";57;0;9;19;"SEDANG"
4;"2011-04-08";55;0;13;32;"SEDANG"
1;"2011-04-09";50;0;33;24;"BAIK"
2;"2011-04-10";29;0;17;49;"BAIK"
4;"2011-04-11";0;0;18;44;"BAIK"
2;"2011-04-12";55;0;31;90;"SEDANG"
3;"2011-04-13";15;0;20;116;"TIDAK SEHAT"
2;"2011-04-14";65;0;21;74;"SEDANG"
3;"2011-04-15";57;0;25;122;"TIDAK SEHAT"
3;"2011-04-16";58;0;21;171;"TIDAK SEHAT"
2;"2011-04-17";61;0;30;126;"TIDAK SEHAT"
3;"2011-04-18";42;0;14;124;"TIDAK SEHAT"
3;"2011-04-19";50;0;22;128;"TIDAK SEHAT"
2;"2011-04-20";67;0;19;89;"SEDANG"
4;"2011-04-21";62;0;22;94;"SEDANG"
1;"2011-04-22";55;0;26;125;"TIDAK SEHAT"
2;"2011-04-23";53;0;17;127;"TIDAK SEHAT"
1;"2011-04-24";53;0;27;83;"SEDANG"
1;"2011-04-25";55;0;36;70;"SEDANG"
4;"2011-04-26";71;0;22;62;"SEDANG"
1;"2011-04-27";53;0;34;71;"SEDANG"
3;"2011-04-28";53;0;21;69;"SEDANG"
4;"2011-04-29";77;0;19;54;"SEDANG"
1;"2011-04-30";62;0;42;78;"SEDANG"
1;"2011-05-01";59;0;51;88;"SEDANG"
4;"2011-05-02";61;0;16;98;"SEDANG"
1;"2011-05-03";61;0;31;69;"SEDANG"
4;"2011-05-04";63;0;19;32;"SEDANG"
4;"2011-05-05";76;0;20;25;"SEDANG"
2;"2011-05-06";43;0;34;65;"SEDANG"
4;"2011-05-07";63;0;38;66;"SEDANG"
4;"2011-05-08";56;0;42;32;"SEDANG"
4;"2011-05-09";51;0;20;153;"TIDAK SEHAT"
3;"2011-05-10";47;0;22;137;"TIDAK SEHAT"
3;"2011-05-11";46;0;25;92;"SEDANG"
4;"2011-05-12";84;0;32;57;"SEDANG"
1;"2011-05-13";59;0;35;87;"SEDANG"
3;"2011-05-14";59;0;37;84;"SEDANG"
3;"2011-05-15";39;0;20;99;"SEDANG"
3;"2011-05-16";40;0;16;139;"TIDAK SEHAT"
3;"2011-05-17";44;0;21;133;"TIDAK SEHAT"
4;"2011-05-18";69;0;22;85;"SEDANG"
4;"2011-05-19";89;0;43;51;"SEDANG"
3;"2011-05-20";55;0;15;107;"TIDAK SEHAT"
3;"2011-05-21";48;0;21;82;"SEDANG"
4;"2011-05-22";84;0;38;72;"SEDANG"
3;"2011-05-23";56;0;20;140;"TIDAK SEHAT"
3;"2011-05-24";55;0;21;96;"SEDANG"
3;"2011-05-25";53;0;17;113;"TIDAK SEHAT"
3;"2011-05-26";54;0;17;114;"TIDAK SEHAT"
3;"2011-05-27";56;0;20;95;"SEDANG"
3;"2011-05-28";57;0;35;111;"TIDAK SEHAT"
3;"2011-05-29";69;0;31;107;"TIDAK SEHAT"
3;"2011-05-30";66;0;25;98;"SEDANG"
2;"2011-05-31";64;0;24;93;"SEDANG"
4;"2011-06-01";91;0;26;58;"SEDANG"
4;"2011-06-02";68;0;16;44;"SEDANG"
4;"2011-06-03";65;0;13;29;"SEDANG"
4;"2011-06-04";73;0;17;37;"SEDANG"
4;"2011-06-05";77;0;28;35;"SEDANG"
4;"2011-06-06";70;0;23;81;"SEDANG"
3;"2011-06-07";66;0;25;92;"SEDANG"
4;"2011-06-08";90;0;25;85;"SEDANG"
3;"2011-06-09";27;0;18;121;"TIDAK SEHAT"
3;"2011-06-10";53;0;12;93;"SEDANG"
3;"2011-06-11";57;0;29;94;"SEDANG"
4;"2011-06-12";93;0;29;56;"SEDANG"
3;"2011-06-13";57;0;15;91;"SEDANG"
4;"2011-06-14";88;0;17;93;"SEDANG"
2;"2011-06-15";62;0;20;137;"TIDAK SEHAT"
4;"2011-06-16";110;0;18;91;"TIDAK SEHAT"
4;"2011-06-17";105;0;32;77;"TIDAK SEHAT"
3;"2011-06-18";63;0;15;128;"TIDAK SEHAT"
3;"2011-06-19";60;0;13;119;"TIDAK SEHAT"
4;"2011-06-20";109;0;27;88;"TIDAK SEHAT"
4;"2011-06-21";97;0;21;70;"SEDANG"
4;"2011-06-22";112;0;19;83;"TIDAK SEHAT"
4;"2011-06-23";109;0;23;86;"TIDAK SEHAT"
4;"2011-06-24";107;0;20;82;"TIDAK SEHAT"
4;"2011-06-25";87;0;12;55;"SEDANG"
4;"2011-06-26";103;0;19;59;"TIDAK SEHAT"
4;"2011-06-27";85;0;14;39;"SEDANG"
2;"2011-06-28";54;0;19;122;"TIDAK SEHAT"
3;"2011-06-29";50;0;17;157;"TIDAK SEHAT"
2;"2011-06-30";59;0;19;127;"TIDAK SEHAT"
4;"2011-07-01";85;0;20;31;"SEDANG"
4;"2011-07-02";128;0;32;63;"TIDAK SEHAT"
4;"2011-07-03";94;0;19;60;"SEDANG"
4;"2011-07-04";89;0;15;68;"SEDANG"
4;"2011-07-05";93;0;20;62;"SEDANG"
3;"2011-07-06";54;0;12;80;"SEDANG"
3;"2011-07-07";59;0;16;90;"SEDANG"
3;"2011-07-08";63;0;13;88;"SEDANG"
4;"2011-07-09";80;0;17;59;"SEDANG"
4;"2011-07-10";83;0;15;73;"SEDANG"
3;"2011-07-11";56;0;16;92;"SEDANG"
4;"2011-07-12";92;0;27;61;"SEDANG"
3;"2011-07-13";68;0;21;82;"SEDANG"
3;"2011-07-14";52;0;15;105;"TIDAK SEHAT"
2;"2011-07-15";61;0;22;174;"TIDAK SEHAT"
3;"2011-07-16";56;0;14;120;"TIDAK SEHAT"
4;"2011-07-17";101;0;28;77;"TIDAK SEHAT"
4;"2011-07-18";122;0;30;80;"TIDAK SEHAT"
4;"2011-07-19";97;0;28;56;"SEDANG"
3;"2011-07-20";50;0;10;71;"SEDANG"
4;"2011-07-21";107;0;16;41;"TIDAK SEHAT"
4;"2011-07-22";73;0;13;39;"SEDANG"
4;"2011-07-23";103;0;33;54;"TIDAK SEHAT"
4;"2011-07-24";116;0;25;78;"TIDAK SEHAT"
3;"2011-07-25";60;0;15;127;"TIDAK SEHAT"
3;"2011-07-26";58;0;17;104;"TIDAK SEHAT"
4;"2011-07-27";100;0;19;60;"SEDANG"
3;"2011-07-28";57;0;10;113;"TIDAK SEHAT"
2;"2011-07-29";57;0;16;136;"TIDAK SEHAT"
2;"2011-07-30";68;0;18;129;"TIDAK SEHAT"
4;"2011-07-31";96;0;23;63;"SEDANG"
4;"2011-08-01";110;0;19;51;"TIDAK SEHAT"
4;"2011-08-02";95;0;13;52;"SEDANG"
2;"2011-08-03";69;0;19;165;"TIDAK SEHAT"
3;"2011-08-04";59;0;12;117;"TIDAK SEHAT"
2;"2011-08-05";65;0;22;168;"TIDAK SEHAT"
4;"2011-08-06";119;0;18;79;"TIDAK SEHAT"
4;"2011-08-07";115;0;37;58;"TIDAK SEHAT"
4;"2011-08-08";134;0;20;58;"TIDAK SEHAT"
4;"2011-08-09";118;0;15;83;"TIDAK SEHAT"
3;"2011-08-10";78;0;20;138;"TIDAK SEHAT"
4;"2011-08-11";127;0;24;72;"TIDAK SEHAT"
3;"2011-08-12";66;0;12;92;"SEDANG"
4;"2011-08-13";95;0;15;61;"SEDANG"
4;"2011-08-14";110;0;18;71;"TIDAK SEHAT"
3;"2011-08-15";0;0;11;87;"SEDANG"
4;"2011-08-16";100;0;13;58;"SEDANG"
4;"2011-08-17";136;0;22;62;"TIDAK SEHAT"
4;"2011-08-18";171;0;42;65;"TIDAK SEHAT"
4;"2011-08-19";138;0;23;45;"TIDAK SEHAT"
4;"2011-08-20";100;0;12;58;"SEDANG"
4;"2011-08-21";113;0;15;63;"TIDAK SEHAT"
4;"2011-08-22";146;0;25;65;"TIDAK SEHAT"
4;"2011-08-23";126;0;19;71;"TIDAK SEHAT"
4;"2011-08-24";105;0;18;78;"TIDAK SEHAT"
2;"2011-08-25";72;0;17;152;"TIDAK SEHAT"
3;"2011-08-26";65;0;17;148;"TIDAK SEHAT"
4;"2011-08-27";126;0;32;60;"TIDAK SEHAT"
4;"2011-08-28";116;0;27;60;"TIDAK SEHAT"
4;"2011-08-29";98;0;16;50;"SEDANG"
2;"2011-08-30";59;0;14;93;"SEDANG"
2;"2011-08-31";61;0;22;95;"SEDANG"
2;"2011-09-01";49;0;12;97;"SEDANG"
4;"2011-09-02";92;0;15;52;"SEDANG"
3;"2011-09-03";51;0;9;102;"TIDAK SEHAT"
3;"2011-09-04";58;0;12;98;"SEDANG"
4;"2011-09-05";154;0;28;59;"TIDAK SEHAT"
4;"2011-09-06";112;0;19;55;"TIDAK SEHAT"
4;"2011-09-07";120;0;19;69;"TIDAK SEHAT"
2;"2011-09-08";0;0;14;159;"TIDAK SEHAT"
3;"2011-09-09";59;0;16;136;"TIDAK SEHAT"
2;"2011-09-10";0;0;12;117;"TIDAK SEHAT"
3;"2011-09-11";56;0;10;99;"SEDANG"
4;"2011-09-12";122;0;15;68;"TIDAK SEHAT"
3;"2011-09-13";67;0;15;141;"TIDAK SEHAT"
4;"2011-09-14";88;0;9;44;"SEDANG"
4;"2011-09-15";108;0;16;52;"TIDAK SEHAT"
4;"2011-09-16";94;0;16;84;"SEDANG"
4;"2011-09-17";100;0;12;62;"SEDANG"
4;"2011-09-18";148;0;26;64;"TIDAK SEHAT"
2;"2011-09-19";0;0;24;104;"TIDAK SEHAT"
2;"2011-09-20";0;0;25;125;"TIDAK SEHAT"
3;"2011-09-21";85;0;52;130;"TIDAK SEHAT"
3;"2011-09-22";65;0;14;177;"TIDAK SEHAT"
2;"2011-09-23";87;0;20;201;"SANGAT TIDAK SEHAT"
3;"2011-09-24";65;0;14;138;"TIDAK SEHAT"
3;"2011-09-25";62;0;16;102;"TIDAK SEHAT"
2;"2011-09-26";67;0;18;147;"TIDAK SEHAT"
2;"2011-09-27";78;0;17;119;"TIDAK SEHAT"
3;"2011-09-28";58;0;9;127;"TIDAK SEHAT"
3;"2011-09-29";57;0;11;147;"TIDAK SEHAT"
3;"2011-09-30";65;0;18;112;"TIDAK SEHAT"
4;"2011-10-01";81;0;15;124;"TIDAK SEHAT"
3;"2011-10-02";55;0;9;114;"TIDAK SEHAT"
2;"2011-10-03";71;0;15;147;"TIDAK SEHAT"
3;"2011-10-04";50;0;14;107;"TIDAK SEHAT"
2;"2011-10-05";74;0;18;118;"TIDAK SEHAT"
3;"2011-10-06";50;0;11;99;"SEDANG"
3;"2011-10-07";58;0;17;120;"TIDAK SEHAT"
4;"2011-10-08";74;0;8;53;"SEDANG"
4;"2011-10-09";113;0;30;76;"TIDAK SEHAT"
1;"2011-10-10";71;0;34;107;"TIDAK SEHAT"
3;"2011-10-11";56;0;16;208;"SANGAT TIDAK SEHAT"
3;"2011-10-12";60;0;18;205;"SANGAT TIDAK SEHAT"
3;"2011-10-13";59;0;15;140;"TIDAK SEHAT"
3;"2011-10-14";64;0;20;102;"TIDAK SEHAT"
3;"2011-10-15";61;0;14;154;"TIDAK SEHAT"
4;"2011-10-16";129;0;38;48;"TIDAK SEHAT"
3;"2011-10-17";50;0;12;78;"SEDANG"
4;"2011-10-18";89;0;10;50;"SEDANG"
4;"2011-10-19";104;0;22;54;"TIDAK SEHAT"
2;"2011-10-20";64;0;19;120;"TIDAK SEHAT"
4;"2011-10-21";131;0;24;69;"TIDAK SEHAT"
2;"2011-10-22";68;0;27;100;"SEDANG"
2;"2011-10-23";67;0;26;140;"TIDAK SEHAT"
4;"2011-10-24";82;0;13;37;"SEDANG"
4;"2011-10-25";107;0;17;46;"TIDAK SEHAT"
2;"2011-10-26";61;0;28;138;"TIDAK SEHAT"
2;"2011-10-27";69;0;30;93;"SEDANG"
4;"2011-10-28";88;0;9;51;"SEDANG"
2;"2011-10-29";65;0;32;87;"SEDANG"
2;"2011-10-30";59;0;10;100;"SEDANG"
2;"2011-10-31";68;0;26;154;"TIDAK SEHAT"
4;"2011-11-01";69;0;42;109;"TIDAK SEHAT"
2;"2011-11-02";92;0;25;89;"SEDANG"
3;"2011-11-03";57;0;23;78;"SEDANG"
2;"2011-11-04";57;0;21;64;"SEDANG"
2;"2011-11-05";51;0;20;106;"TIDAK SEHAT"
2;"2011-11-06";47;0;17;71;"SEDANG"
2;"2011-11-07";54;0;15;175;"TIDAK SEHAT"
4;"2011-11-08";71;0;11;105;"TIDAK SEHAT"
3;"2011-11-09";52;0;15;127;"TIDAK SEHAT"
3;"2011-11-10";64;0;29;82;"SEDANG"
2;"2011-11-11";73;0;35;79;"SEDANG"
2;"2011-11-12";56;0;16;96;"SEDANG"
2;"2011-11-13";55;0;26;94;"SEDANG"
2;"2011-11-14";64;0;22;123;"TIDAK SEHAT"
2;"2011-11-15";61;0;35;147;"TIDAK SEHAT"
2;"2011-11-16";76;0;39;185;"TIDAK SEHAT"
2;"2011-11-17";76;0;15;179;"TIDAK SEHAT"
2;"2011-11-18";70;0;22;129;"TIDAK SEHAT"
3;"2011-11-19";46;0;14;122;"TIDAK SEHAT"
3;"2011-11-20";54;0;18;152;"TIDAK SEHAT"
2;"2011-11-21";65;0;29;121;"TIDAK SEHAT"
2;"2011-11-22";61;0;19;106;"TIDAK SEHAT"
2;"2011-11-23";90;0;28;179;"TIDAK SEHAT"
2;"2011-11-24";59;0;16;158;"TIDAK SEHAT"
2;"2011-11-25";57;0;15;115;"TIDAK SEHAT"
2;"2011-11-26";71;0;33;126;"TIDAK SEHAT"
2;"2011-11-27";61;0;19;133;"TIDAK SEHAT"
2;"2011-11-28";69;0;32;159;"TIDAK SEHAT"
2;"2011-11-29";80;0;21;104;"TIDAK SEHAT"
2;"2011-11-30";55;0;17;164;"TIDAK SEHAT"
2;"2011-12-01";63;0;14;107;"TIDAK SEHAT"
2;"2011-12-02";39;0;20;131;"TIDAK SEHAT"
2;"2011-12-03";43;0;17;105;"TIDAK SEHAT"
4;"2011-12-04";93;0;39;89;"SEDANG"
2;"2011-12-05";0;0;15;81;"SEDANG"
2;"2011-12-06";56;0;19;85;"SEDANG"
4;"2011-12-07";158;0;27;73;"TIDAK SEHAT"
3;"2011-12-08";53;0;23;171;"TIDAK SEHAT"
3;"2011-12-09";58;0;27;171;"TIDAK SEHAT"
2;"2011-12-10";82;0;36;100;"SEDANG"
2;"2011-12-11";48;0;31;151;"TIDAK SEHAT"
2;"2011-12-12";53;0;22;171;"TIDAK SEHAT"
3;"2011-12-13";61;0;28;82;"SEDANG"
2;"2011-12-14";52;0;26;106;"TIDAK SEHAT"
2;"2011-12-15";36;0;18;117;"TIDAK SEHAT"
4;"2011-12-16";43;0;6;28;"BAIK"
4;"2011-12-17";42;0;3;28;"BAIK"
4;"2011-12-18";41;0;4;24;"BAIK"
4;"2011-12-19";43;0;5;34;"BAIK"
4;"2011-12-20";44;0;5;30;"BAIK"
4;"2011-12-21";53;0;8;35;"SEDANG"
2;"2011-12-22";51;0;16;199;"TIDAK SEHAT"
2;"2011-12-23";41;0;19;201;"SANGAT TIDAK SEHAT"
2;"2011-12-24";62;0;69;206;"SANGAT TIDAK SEHAT"
2;"2011-12-25";57;0;39;190;"TIDAK SEHAT"
1;"2011-12-26";55;0;33;185;"TIDAK SEHAT"
2;"2011-12-27";28;0;18;90;"SEDANG"
2;"2011-12-28";43;0;20;101;"TIDAK SEHAT"
2;"2011-12-29";50;0;17;76;"SEDANG"
2;"2011-12-30";45;0;27;81;"SEDANG"
2;"2011-12-31";28;0;15;81;"SEDANG"
2;"2012-01-01";36;0;16;63;"SEDANG"
2;"2012-01-02";36;0;17;55;"SEDANG"
1;"2012-01-03";50;0;42;86;"SEDANG"
1;"2012-01-04";54;0;36;97;"SEDANG"
2;"2012-01-05";67;0;27;157;"TIDAK SEHAT"
2;"2012-01-06";46;0;36;68;"SEDANG"
2;"2012-01-07";44;0;27;73;"SEDANG"
2;"2012-01-08";38;0;31;90;"SEDANG"
1;"2012-01-09";54;0;32;72;"SEDANG"
2;"2012-01-10";31;0;22;69;"SEDANG"
2;"2012-01-11";32;0;22;75;"SEDANG"
2;"2012-01-12";33;0;27;52;"SEDANG"
2;"2012-01-13";39;0;24;55;"SEDANG"
1;"2012-01-14";34;0;34;54;"SEDANG"
2;"2012-01-15";31;0;18;89;"SEDANG"
2;"2012-01-16";38;0;21;86;"SEDANG"
2;"2012-01-17";60;0;16;94;"SEDANG"
2;"2012-01-18";42;0;18;98;"SEDANG"
2;"2012-01-19";52;0;34;65;"SEDANG"
2;"2012-01-20";44;0;18;73;"SEDANG"
1;"2012-01-21";37;0;25;90;"SEDANG"
4;"2012-01-22";68;0;99;50;"SEDANG"
2;"2012-01-23";35;0;12;78;"SEDANG"
4;"2012-01-24";55;0;13;43;"SEDANG"
1;"2012-01-25";46;0;24;62;"SEDANG"
2;"2012-01-26";49;0;20;81;"SEDANG"
2;"2012-01-27";42;0;11;96;"SEDANG"
1;"2012-01-28";39;0;26;85;"SEDANG"
2;"2012-01-29";33;0;15;75;"SEDANG"
2;"2012-01-30";36;0;17;130;"TIDAK SEHAT"
2;"2012-01-31";31;0;24;61;"SEDANG"
2;"2012-02-01";67;0;57;105;"TIDAK SEHAT"
1;"2012-02-02";51;0;34;74;"SEDANG"
1;"2012-02-03";55;0;44;59;"SEDANG"
1;"2012-02-04";59;0;37;54;"SEDANG"
2;"2012-02-05";49;0;23;90;"SEDANG"
2;"2012-02-06";45;0;18;70;"SEDANG"
1;"2012-02-07";53;0;34;72;"SEDANG"
4;"2012-02-08";78;0;23;52;"SEDANG"
1;"2012-02-09";42;0;37;78;"SEDANG"
2;"2012-02-10";49;0;14;112;"TIDAK SEHAT"
2;"2012-02-11";64;0;37;134;"TIDAK SEHAT"
2;"2012-02-12";37;0;16;91;"SEDANG"
2;"2012-02-13";40;0;21;171;"TIDAK SEHAT"
2;"2012-02-14";80;0;40;100;"SEDANG"
2;"2012-02-15";59;0;17;157;"TIDAK SEHAT"
2;"2012-02-16";62;0;20;93;"SEDANG"
2;"2012-02-17";75;0;31;154;"TIDAK SEHAT"
3;"2012-02-18";34;0;12;100;"SEDANG"
3;"2012-02-19";52;0;24;123;"TIDAK SEHAT"
4;"2012-02-20";58;0;14;83;"SEDANG"
2;"2012-02-21";68;0;21;175;"TIDAK SEHAT"
3;"2012-02-22";53;0;27;168;"TIDAK SEHAT"
2;"2012-02-23";60;0;18;147;"TIDAK SEHAT"
2;"2012-02-24";61;0;20;151;"TIDAK SEHAT"
2;"2012-02-25";60;0;18;160;"TIDAK SEHAT"
2;"2012-02-26";60;0;19;162;"TIDAK SEHAT"
2;"2012-02-27";50;0;22;114;"TIDAK SEHAT"
2;"2012-02-28";77;0;33;232;"SANGAT TIDAK SEHAT"
2;"2012-02-29";65;0;25;170;"TIDAK SEHAT"
2;"2012-03-01";66;0;44;137;"TIDAK SEHAT"
2;"2012-03-02";46;0;21;136;"TIDAK SEHAT"
1;"2012-03-03";52;0;51;76;"SEDANG"
2;"2012-03-04";36;0;16;94;"SEDANG"
2;"2012-03-05";51;0;24;140;"TIDAK SEHAT"
4;"2012-03-06";47;0;16;90;"SEDANG"
2;"2012-03-07";62;0;20;99;"SEDANG"
2;"2012-03-08";35;0;19;95;"SEDANG"
2;"2012-03-09";38;0;17;88;"SEDANG"
2;"2012-03-10";50;0;21;115;"TIDAK SEHAT"
2;"2012-03-11";43;0;20;100;"SEDANG"
2;"2012-03-12";45;0;15;177;"TIDAK SEHAT"
2;"2012-03-13";0;0;19;96;"SEDANG"
2;"2012-03-14";52;0;18;143;"TIDAK SEHAT"
2;"2012-03-15";42;0;16;78;"SEDANG"
2;"2012-03-16";41;0;25;131;"TIDAK SEHAT"
2;"2012-03-17";52;0;16;90;"SEDANG"
2;"2012-03-18";46;0;15;99;"SEDANG"
2;"2012-03-19";37;0;18;92;"SEDANG"
4;"2012-03-20";37;0;8;13;"BAIK"
1;"2012-03-21";29;0;17;42;"BAIK"
4;"2012-03-22";49;0;9;15;"BAIK"
4;"2012-03-23";59;0;12;19;"SEDANG"
2;"2012-03-24";35;0;13;122;"TIDAK SEHAT"
2;"2012-03-25";43;0;16;125;"TIDAK SEHAT"
2;"2012-03-26";67;0;18;98;"SEDANG"
2;"2012-03-27";74;0;33;136;"TIDAK SEHAT"
2;"2012-03-28";75;0;41;95;"SEDANG"
2;"2012-03-29";53;0;23;142;"TIDAK SEHAT"
2;"2012-03-30";41;0;21;112;"TIDAK SEHAT"
2;"2012-03-31";51;0;17;204;"SANGAT TIDAK SEHAT"
2;"2012-04-01";65;0;31;207;"SANGAT TIDAK SEHAT"
2;"2012-04-02";67;0;38;191;"TIDAK SEHAT"
2;"2012-04-03";52;0;24;208;"SANGAT TIDAK SEHAT"
1;"2012-04-04";42;0;38;110;"TIDAK SEHAT"
2;"2012-04-05";54;0;23;99;"SEDANG"
2;"2012-04-06";67;0;25;80;"SEDANG"
2;"2012-04-07";66;0;20;92;"SEDANG"
2;"2012-04-08";62;0;21;133;"TIDAK SEHAT"
2;"2012-04-09";73;0;37;151;"TIDAK SEHAT"
3;"2012-04-10";49;0;27;106;"TIDAK SEHAT"
2;"2012-04-11";82;0;38;110;"TIDAK SEHAT"
2;"2012-04-12";68;0;20;147;"TIDAK SEHAT"
2;"2012-04-13";65;0;21;126;"TIDAK SEHAT"
2;"2012-04-14";71;0;13;141;"TIDAK SEHAT"
2;"2012-04-15";56;0;17;194;"TIDAK SEHAT"
2;"2012-04-16";68;0;18;167;"TIDAK SEHAT"
2;"2012-04-17";62;0;17;210;"SANGAT TIDAK SEHAT"
2;"2012-04-18";86;0;41;144;"TIDAK SEHAT"
2;"2012-04-19";58;0;18;211;"SANGAT TIDAK SEHAT"
2;"2012-04-20";66;0;38;212;"SANGAT TIDAK SEHAT"
2;"2012-04-21";79;0;31;214;"SANGAT TIDAK SEHAT"
2;"2012-04-22";64;0;45;200;"SANGAT TIDAK SEHAT"
2;"2012-04-23";82;0;21;187;"TIDAK SEHAT"
2;"2012-04-24";79;0;22;150;"TIDAK SEHAT"
2;"2012-04-25";69;0;23;215;"SANGAT TIDAK SEHAT"
2;"2012-04-26";61;0;17;220;"SANGAT TIDAK SEHAT"
2;"2012-04-27";55;0;16;111;"TIDAK SEHAT"
2;"2012-04-28";78;0;23;164;"TIDAK SEHAT"
2;"2012-04-29";66;0;14;199;"TIDAK SEHAT"
2;"2012-04-30";62;0;31;135;"TIDAK SEHAT"
2;"2012-05-01";59;0;32;100;"SEDANG"
2;"2012-05-02";66;0;24;236;"SANGAT TIDAK SEHAT"
2;"2012-05-03";64;0;27;226;"SANGAT TIDAK SEHAT"
2;"2012-05-04";72;0;24;226;"SANGAT TIDAK SEHAT"
2;"2012-05-05";77;0;16;116;"TIDAK SEHAT"
2;"2012-05-06";62;0;23;180;"TIDAK SEHAT"
2;"2012-05-07";43;0;16;147;"TIDAK SEHAT"
2;"2012-05-08";75;0;50;115;"TIDAK SEHAT"
2;"2012-05-09";74;0;42;164;"TIDAK SEHAT"
2;"2012-05-10";81;0;21;170;"TIDAK SEHAT"
2;"2012-05-11";66;0;20;173;"TIDAK SEHAT"
2;"2012-05-12";70;0;21;164;"TIDAK SEHAT"
2;"2012-05-13";82;0;23;207;"SANGAT TIDAK SEHAT"
2;"2012-05-14";57;0;19;144;"TIDAK SEHAT"
2;"2012-05-15";68;0;25;164;"TIDAK SEHAT"
2;"2012-05-16";77;0;19;196;"TIDAK SEHAT"
2;"2012-05-17";71;0;34;178;"TIDAK SEHAT"
2;"2012-05-18";58;0;18;165;"TIDAK SEHAT"
2;"2012-05-19";78;0;28;146;"TIDAK SEHAT"
2;"2012-05-20";60;0;14;213;"SANGAT TIDAK SEHAT"
2;"2012-05-21";60;0;24;164;"TIDAK SEHAT"
2;"2012-05-22";60;0;23;165;"TIDAK SEHAT"
2;"2012-05-23";80;0;22;140;"TIDAK SEHAT"
2;"2012-05-24";64;0;13;89;"SEDANG"
3;"2012-05-25";47;0;13;89;"SEDANG"
2;"2012-05-26";81;0;14;72;"SEDANG"
4;"2012-05-27";86;0;11;59;"SEDANG"
2;"2012-05-28";73;0;15;164;"TIDAK SEHAT"
2;"2012-05-29";75;0;17;187;"TIDAK SEHAT"
3;"2012-05-30";48;0;9;89;"SEDANG"
4;"2012-05-31";139;0;16;0;"TIDAK SEHAT"
2;"2012-06-01";77;0;49;107;"TIDAK SEHAT"
2;"2012-06-02";69;0;20;140;"TIDAK SEHAT"
2;"2012-06-03";72;0;21;129;"TIDAK SEHAT"
2;"2012-06-04";69;0;16;93;"SEDANG"
2;"2012-06-05";60;0;16;169;"TIDAK SEHAT"
2;"2012-06-06";63;0;15;201;"SANGAT TIDAK SEHAT"
2;"2012-06-07";58;0;16;137;"TIDAK SEHAT"
2;"2012-06-08";72;0;20;141;"TIDAK SEHAT"
2;"2012-06-09";66;0;22;215;"SANGAT TIDAK SEHAT"
2;"2012-06-10";67;0;29;208;"SANGAT TIDAK SEHAT"
2;"2012-06-11";75;0;26;204;"SANGAT TIDAK SEHAT"
2;"2012-06-12";77;0;34;168;"TIDAK SEHAT"
2;"2012-06-13";67;0;17;138;"TIDAK SEHAT"
2;"2012-06-14";78;0;16;155;"TIDAK SEHAT"
2;"2012-06-15";67;0;18;216;"SANGAT TIDAK SEHAT"
2;"2012-06-16";86;0;28;209;"SANGAT TIDAK SEHAT"
3;"2012-06-17";47;0;11;93;"SEDANG"
4;"2012-06-18";95;0;8;44;"SEDANG"
4;"2012-06-19";92;0;9;44;"SEDANG"
4;"2012-06-20";95;0;8;59;"SEDANG"
4;"2012-06-21";120;0;9;77;"TIDAK SEHAT"
2;"2012-06-22";0;0;15;123;"TIDAK SEHAT"
2;"2012-06-23";0;0;13;96;"SEDANG"
2;"2012-06-24";0;0;17;187;"TIDAK SEHAT"
3;"2012-06-25";63;0;14;80;"SEDANG"
4;"2012-06-26";72;0;7;72;"SEDANG"
2;"2012-06-27";0;0;17;98;"SEDANG"
3;"2012-06-28";63;0;14;135;"TIDAK SEHAT"
3;"2012-06-29";63;0;16;115;"TIDAK SEHAT"
4;"2012-06-30";98;0;9;73;"SEDANG"
4;"2012-07-01";88;0;9;74;"SEDANG"
4;"2012-07-02";134;0;11;61;"TIDAK SEHAT"
4;"2012-07-03";106;0;8;72;"TIDAK SEHAT"
3;"2012-07-04";57;0;10;98;"SEDANG"
4;"2012-07-05";86;0;5;71;"SEDANG"
4;"2012-07-06";97;0;8;67;"SEDANG"
4;"2012-07-07";127;0;9;90;"TIDAK SEHAT"
4;"2012-07-08";140;0;15;74;"TIDAK SEHAT"
3;"2012-07-09";59;0;12;125;"TIDAK SEHAT"
3;"2012-07-10";73;0;21;119;"TIDAK SEHAT"
4;"2012-07-11";105;0;8;88;"TIDAK SEHAT"
2;"2012-07-12";68;0;19;131;"TIDAK SEHAT"
4;"2012-07-13";106;0;6;130;"TIDAK SEHAT"
1;"2012-07-14";77;0;41;147;"TIDAK SEHAT"
4;"2012-07-15";145;0;11;74;"TIDAK SEHAT"
4;"2012-07-16";118;0;7;62;"TIDAK SEHAT"
2;"2012-07-17";62;0;18;126;"TIDAK SEHAT"
2;"2012-07-18";70;0;16;128;"TIDAK SEHAT"
3;"2012-07-19";65;0;33;113;"TIDAK SEHAT"
1;"2012-07-20";64;0;35;77;"SEDANG"
3;"2012-07-21";52;0;10;113;"TIDAK SEHAT"
4;"2012-07-22";120;0;5;60;"TIDAK SEHAT"
4;"2012-07-23";106;0;6;151;"TIDAK SEHAT"
3;"2012-07-24";52;0;16;141;"TIDAK SEHAT"
2;"2012-07-25";78;0;21;290;"SANGAT TIDAK SEHAT"
2;"2012-07-26";91;0;25;283;"SANGAT TIDAK SEHAT"
2;"2012-07-27";89;0;28;276;"SANGAT TIDAK SEHAT"
2;"2012-07-28";82;0;17;288;"SANGAT TIDAK SEHAT"
2;"2012-07-29";68;0;14;234;"SANGAT TIDAK SEHAT"
2;"2012-07-30";72;0;23;215;"SANGAT TIDAK SEHAT"
2;"2012-07-31";68;0;21;221;"SANGAT TIDAK SEHAT"
2;"2012-08-01";93;0;25;236;"SANGAT TIDAK SEHAT"
2;"2012-08-02";72;0;21;244;"SANGAT TIDAK SEHAT"
2;"2012-08-03";77;0;17;216;"SANGAT TIDAK SEHAT"
4;"2012-08-04";101;0;10;0;"TIDAK SEHAT"
4;"2012-08-05";139;0;9;62;"TIDAK SEHAT"
4;"2012-08-06";136;0;7;101;"TIDAK SEHAT"
3;"2012-08-07";30;0;19;146;"TIDAK SEHAT"
3;"2012-08-08";27;0;9;125;"TIDAK SEHAT"
4;"2012-08-09";171;0;7;54;"TIDAK SEHAT"
4;"2012-08-10";140;0;9;0;"TIDAK SEHAT"
4;"2012-08-11";114;0;7;0;"TIDAK SEHAT"
4;"2012-08-12";121;0;8;61;"TIDAK SEHAT"
4;"2012-08-13";132;0;6;95;"TIDAK SEHAT"
4;"2012-08-14";97;0;5;77;"SEDANG"
4;"2012-08-15";94;0;6;68;"SEDANG"
4;"2012-08-16";99;0;7;59;"SEDANG"
4;"2012-08-17";98;0;8;75;"SEDANG"
4;"2012-08-18";166;0;7;71;"TIDAK SEHAT"
4;"2012-08-19";109;0;8;57;"TIDAK SEHAT"
3;"2012-08-20";35;0;5;78;"SEDANG"
3;"2012-08-21";39;0;25;78;"SEDANG"
1;"2012-08-22";8;0;13;88;"SEDANG"
3;"2012-08-23";33;0;11;125;"TIDAK SEHAT"
3;"2012-08-24";38;0;13;99;"SEDANG"
3;"2012-08-25";35;0;6;104;"TIDAK SEHAT"
4;"2012-08-26";95;0;10;62;"SEDANG"
4;"2012-08-27";78;0;10;94;"SEDANG"
4;"2012-08-28";128;0;9;104;"TIDAK SEHAT"
3;"2012-08-29";24;0;13;103;"TIDAK SEHAT"
4;"2012-08-30";149;0;7;52;"TIDAK SEHAT"
4;"2012-08-31";106;0;7;76;"TIDAK SEHAT"
3;"2012-09-01";18;0;8;99;"SEDANG"
4;"2012-09-02";128;0;9;82;"TIDAK SEHAT"
3;"2012-09-03";43;0;17;97;"SEDANG"
3;"2012-09-04";45;0;11;89;"SEDANG"
2;"2012-09-05";71;0;19;112;"TIDAK SEHAT"
2;"2012-09-06";84;0;25;124;"TIDAK SEHAT"
3;"2012-09-07";49;0;10;109;"TIDAK SEHAT"
1;"2012-09-08";74;0;27;58;"SEDANG"
1;"2012-09-09";69;0;18;96;"SEDANG"
3;"2012-09-10";45;0;23;122;"TIDAK SEHAT"
3;"2012-09-11";20;0;11;175;"TIDAK SEHAT"
3;"2012-09-12";29;0;10;167;"TIDAK SEHAT"
3;"2012-09-13";45;0;12;79;"SEDANG"
3;"2012-09-14";29;0;7;144;"TIDAK SEHAT"
2;"2012-09-15";84;0;23;218;"SANGAT TIDAK SEHAT"
2;"2012-09-16";73;0;16;219;"SANGAT TIDAK SEHAT"
2;"2012-09-17";86;0;23;224;"SANGAT TIDAK SEHAT"
2;"2012-09-18";70;0;22;244;"SANGAT TIDAK SEHAT"
4;"2012-09-19";101;0;6;51;"TIDAK SEHAT"
2;"2012-09-20";56;0;12;216;"SANGAT TIDAK SEHAT"
2;"2012-09-21";68;0;20;258;"SANGAT TIDAK SEHAT"
2;"2012-09-22";95;0;45;193;"TIDAK SEHAT"
2;"2012-09-23";61;0;14;176;"TIDAK SEHAT"
2;"2012-09-24";62;0;15;245;"SANGAT TIDAK SEHAT"
2;"2012-09-25";65;0;16;238;"SANGAT TIDAK SEHAT"
2;"2012-09-26";74;0;18;221;"SANGAT TIDAK SEHAT"
2;"2012-09-27";65;0;17;222;"SANGAT TIDAK SEHAT"
2;"2012-09-28";71;0;17;146;"TIDAK SEHAT"
2;"2012-09-29";70;0;17;210;"SANGAT TIDAK SEHAT"
2;"2012-09-30";67;0;17;215;"SANGAT TIDAK SEHAT"
2;"2012-10-01";66;0;14;219;"SANGAT TIDAK SEHAT"
2;"2012-10-02";54;0;10;295;"SANGAT TIDAK SEHAT"
2;"2012-10-03";0;0;38;236;"SANGAT TIDAK SEHAT"
2;"2012-10-04";75;0;24;201;"SANGAT TIDAK SEHAT"
2;"2012-10-05";59;0;23;238;"SANGAT TIDAK SEHAT"
2;"2012-10-06";66;0;23;212;"SANGAT TIDAK SEHAT"
2;"2012-10-07";58;0;16;210;"SANGAT TIDAK SEHAT"
2;"2012-10-08";59;0;22;238;"SANGAT TIDAK SEHAT"
2;"2012-10-09";78;0;29;205;"SANGAT TIDAK SEHAT"
2;"2012-10-10";63;0;21;288;"SANGAT TIDAK SEHAT"
2;"2012-10-11";65;0;19;261;"SANGAT TIDAK SEHAT"
2;"2012-10-12";62;0;15;266;"SANGAT TIDAK SEHAT"
2;"2012-10-13";84;0;21;129;"TIDAK SEHAT"
2;"2012-10-14";74;0;14;235;"SANGAT TIDAK SEHAT"
2;"2012-10-15";73;0;19;228;"SANGAT TIDAK SEHAT"
2;"2012-10-16";72;0;24;257;"SANGAT TIDAK SEHAT"
2;"2012-10-17";72;0;18;275;"SANGAT TIDAK SEHAT"
2;"2012-10-18";72;0;14;249;"SANGAT TIDAK SEHAT"
3;"2012-10-19";31;0;5;274;"SANGAT TIDAK SEHAT"
2;"2012-10-20";81;0;42;264;"SANGAT TIDAK SEHAT"
2;"2012-10-21";71;0;20;244;"SANGAT TIDAK SEHAT"
2;"2012-10-22";53;0;20;254;"SANGAT TIDAK SEHAT"
2;"2012-10-23";67;0;20;225;"SANGAT TIDAK SEHAT"
2;"2012-10-24";88;0;19;157;"TIDAK SEHAT"
2;"2012-10-25";72;0;14;229;"SANGAT TIDAK SEHAT"
2;"2012-10-26";70;0;33;247;"SANGAT TIDAK SEHAT"
2;"2012-10-27";60;0;13;241;"SANGAT TIDAK SEHAT"
2;"2012-10-28";66;0;30;243;"SANGAT TIDAK SEHAT"
2;"2012-10-29";73;0;19;231;"SANGAT TIDAK SEHAT"
2;"2012-10-30";61;0;24;268;"SANGAT TIDAK SEHAT"
2;"2012-10-31";62;0;25;278;"SANGAT TIDAK SEHAT"
2;"2012-11-01";65;0;23;276;"SANGAT TIDAK SEHAT"
2;"2012-11-02";85;0;30;270;"SANGAT TIDAK SEHAT"
2;"2012-11-03";70;0;27;282;"SANGAT TIDAK SEHAT"
2;"2012-11-04";73;0;28;314;"BERBAHAYA"
2;"2012-11-05";79;0;38;297;"SANGAT TIDAK SEHAT"
2;"2012-11-06";67;0;27;270;"SANGAT TIDAK SEHAT"
2;"2012-11-07";80;0;31;243;"SANGAT TIDAK SEHAT"
2;"2012-11-08";62;0;27;287;"SANGAT TIDAK SEHAT"
2;"2012-11-09";53;0;19;264;"SANGAT TIDAK SEHAT"
2;"2012-11-10";65;0;54;271;"SANGAT TIDAK SEHAT"
2;"2012-11-11";59;0;17;267;"SANGAT TIDAK SEHAT"
2;"2012-11-12";59;0;28;246;"SANGAT TIDAK SEHAT"
2;"2012-11-13";62;0;24;270;"SANGAT TIDAK SEHAT"
2;"2012-11-14";93;0;53;279;"SANGAT TIDAK SEHAT"
2;"2012-11-15";69;0;40;261;"SANGAT TIDAK SEHAT"
4;"2012-11-16";75;0;78;105;"TIDAK SEHAT"
2;"2012-11-17";79;0;28;266;"SANGAT TIDAK SEHAT"
1;"2012-11-18";25;0;17;57;"SEDANG"
2;"2012-11-19";51;0;27;221;"SANGAT TIDAK SEHAT"
2;"2012-11-20";58;0;38;261;"SANGAT TIDAK SEHAT"
2;"2012-11-21";75;0;28;154;"TIDAK SEHAT"
2;"2012-11-22";71;0;31;185;"TIDAK SEHAT"
2;"2012-11-23";69;0;25;203;"SANGAT TIDAK SEHAT"
2;"2012-11-24";53;0;27;200;"SANGAT TIDAK SEHAT"
2;"2012-11-25";62;0;24;238;"SANGAT TIDAK SEHAT"
2;"2012-11-26";58;0;25;203;"SANGAT TIDAK SEHAT"
2;"2012-11-27";74;0;36;215;"SANGAT TIDAK SEHAT"
2;"2012-11-28";50;0;25;227;"SANGAT TIDAK SEHAT"
2;"2012-11-29";69;0;24;218;"SANGAT TIDAK SEHAT"
2;"2012-11-30";68;0;30;137;"TIDAK SEHAT"
2;"2012-12-01";58;0;23;106;"TIDAK SEHAT"
2;"2012-12-02";55;0;18;222;"SANGAT TIDAK SEHAT"
2;"2012-12-03";36;0;18;212;"SANGAT TIDAK SEHAT"
2;"2012-12-04";39;0;18;202;"SANGAT TIDAK SEHAT"
5;"2012-12-05";48;0;18;197;"TIDAK SEHAT"
2;"2012-12-06";63;0;20;219;"SANGAT TIDAK SEHAT"
4;"2012-12-07";71;0;58;221;"SANGAT TIDAK SEHAT"
2;"2012-12-08";49;0;12;210;"SANGAT TIDAK SEHAT"
2;"2012-12-09";50;0;34;228;"SANGAT TIDAK SEHAT"
2;"2012-12-10";53;0;16;229;"SANGAT TIDAK SEHAT"
3;"2012-12-11";24;0;23;209;"SANGAT TIDAK SEHAT"
2;"2012-12-12";70;0;23;163;"TIDAK SEHAT"
2;"2012-12-13";46;0;29;135;"TIDAK SEHAT"
2;"2012-12-14";53;0;22;223;"SANGAT TIDAK SEHAT"
2;"2012-12-15";60;0;57;214;"SANGAT TIDAK SEHAT"
2;"2012-12-16";53;0;17;215;"SANGAT TIDAK SEHAT"
2;"2012-12-17";38;0;18;124;"TIDAK SEHAT"
2;"2012-12-18";45;0;24;107;"TIDAK SEHAT"
2;"2012-12-19";55;0;39;168;"TIDAK SEHAT"
2;"2012-12-20";66;0;19;155;"TIDAK SEHAT"
2;"2012-12-21";49;0;23;185;"TIDAK SEHAT"
2;"2012-12-22";35;0;39;217;"SANGAT TIDAK SEHAT"
2;"2012-12-23";42;0;35;209;"SANGAT TIDAK SEHAT"
2;"2012-12-24";34;0;18;178;"TIDAK SEHAT"
2;"2012-12-25";26;0;13;192;"TIDAK SEHAT"
2;"2012-12-26";23;0;14;205;"SANGAT TIDAK SEHAT"
2;"2012-12-27";33;0;17;218;"SANGAT TIDAK SEHAT"
2;"2012-12-28";30;0;15;210;"SANGAT TIDAK SEHAT"
2;"2012-12-29";29;0;17;215;"SANGAT TIDAK SEHAT"
2;"2012-12-30";30;0;17;215;"SANGAT TIDAK SEHAT"
2;"2012-12-31";19;0;12;153;"TIDAK SEHAT"
2;"2013-01-01";45;0;27;135;"TIDAK SEHAT"
2;"2013-01-02";25;0;17;192;"TIDAK SEHAT"
2;"2013-01-03";36;0;19;195;"TIDAK SEHAT"
2;"2013-01-04";31;0;13;210;"SANGAT TIDAK SEHAT"
2;"2013-01-05";23;0;14;111;"TIDAK SEHAT"
2;"2013-01-06";29;0;20;150;"TIDAK SEHAT"
2;"2013-01-07";28;0;14;170;"TIDAK SEHAT"
4;"2013-01-08";33;0;25;31;"BAIK"
2;"2013-01-09";17;0;18;92;"SEDANG"
2;"2013-01-10";24;0;16;76;"SEDANG"
2;"2013-01-11";0;0;15;53;"SEDANG"
2;"2013-01-12";35;0;16;140;"TIDAK SEHAT"
2;"2013-01-13";26;0;37;154;"TIDAK SEHAT"
2;"2013-01-14";31;0;23;171;"TIDAK SEHAT"
2;"2013-01-15";29;0;33;154;"TIDAK SEHAT"
2;"2013-01-16";40;0;37;159;"TIDAK SEHAT"
2;"2013-01-17";51;0;28;186;"TIDAK SEHAT"
2;"2013-01-18";48;0;37;202;"SANGAT TIDAK SEHAT"
2;"2013-01-19";70;0;60;110;"TIDAK SEHAT"
2;"2013-01-20";29;0;17;152;"TIDAK SEHAT"
2;"2013-01-21";49;0;17;170;"TIDAK SEHAT"
2;"2013-01-22";37;0;16;195;"TIDAK SEHAT"
2;"2013-01-23";36;0;33;139;"TIDAK SEHAT"
2;"2013-01-24";32;0;18;135;"TIDAK SEHAT"
2;"2013-01-25";37;0;22;155;"TIDAK SEHAT"
2;"2013-01-26";50;0;38;144;"TIDAK SEHAT"
2;"2013-01-27";32;0;14;122;"TIDAK SEHAT"
2;"2013-01-28";35;0;15;195;"TIDAK SEHAT"
2;"2013-01-29";48;0;15;184;"TIDAK SEHAT"
2;"2013-01-30";29;0;13;151;"TIDAK SEHAT"
2;"2013-01-31";56;0;32;195;"TIDAK SEHAT"
2;"2013-02-01";66;0;27;158;"TIDAK SEHAT"
2;"2013-02-02";37;0;12;209;"SANGAT TIDAK SEHAT"
2;"2013-02-03";69;0;57;135;"TIDAK SEHAT"
3;"2013-02-04";51;0;45;128;"TIDAK SEHAT"
3;"2013-02-05";20;0;21;158;"TIDAK SEHAT"
2;"2013-02-06";41;0;20;151;"TIDAK SEHAT"
2;"2013-02-07";56;0;47;213;"SANGAT TIDAK SEHAT"
2;"2013-02-08";63;0;29;205;"SANGAT TIDAK SEHAT"
2;"2013-02-09";57;0;17;180;"TIDAK SEHAT"
2;"2013-02-10";62;0;28;185;"TIDAK SEHAT"
2;"2013-02-11";69;0;25;164;"TIDAK SEHAT"
2;"2013-02-12";70;0;24;158;"TIDAK SEHAT"
2;"2013-02-13";49;0;22;213;"SANGAT TIDAK SEHAT"
2;"2013-02-14";69;0;28;224;"SANGAT TIDAK SEHAT"
2;"2013-02-15";52;0;28;196;"TIDAK SEHAT"
2;"2013-02-16";33;0;14;174;"TIDAK SEHAT"
2;"2013-02-17";28;0;17;134;"TIDAK SEHAT"
2;"2013-02-18";34;0;19;153;"TIDAK SEHAT"
2;"2013-02-19";33;0;17;104;"TIDAK SEHAT"
2;"2013-02-20";44;0;23;145;"TIDAK SEHAT"
2;"2013-02-21";34;0;21;152;"TIDAK SEHAT"
2;"2013-02-22";32;0;16;64;"SEDANG"
2;"2013-02-23";31;0;14;168;"TIDAK SEHAT"
2;"2013-02-24";51;0;18;217;"SANGAT TIDAK SEHAT"
2;"2013-02-25";42;0;15;134;"TIDAK SEHAT"
2;"2013-02-26";47;0;14;213;"SANGAT TIDAK SEHAT"
2;"2013-02-27";43;0;16;230;"SANGAT TIDAK SEHAT"
2;"2013-02-28";40;0;13;185;"TIDAK SEHAT"
2;"2013-03-01";37;0;13;125;"TIDAK SEHAT"
2;"2013-03-02";43;0;13;216;"SANGAT TIDAK SEHAT"
2;"2013-03-03";44;0;15;217;"SANGAT TIDAK SEHAT"
2;"2013-03-04";29;0;14;217;"SANGAT TIDAK SEHAT"
2;"2013-03-05";31;0;17;132;"TIDAK SEHAT"
1;"2013-03-06";103;0;80;57;"TIDAK SEHAT"
2;"2013-03-07";79;0;51;166;"TIDAK SEHAT"
2;"2013-03-08";53;0;17;183;"TIDAK SEHAT"
2;"2013-03-09";43;0;22;213;"SANGAT TIDAK SEHAT"
2;"2013-03-10";37;0;14;170;"TIDAK SEHAT"
2;"2013-03-11";42;0;20;172;"TIDAK SEHAT"
2;"2013-03-12";75;0;24;187;"TIDAK SEHAT"
2;"2013-03-13";55;0;25;204;"SANGAT TIDAK SEHAT"
2;"2013-03-14";64;0;17;207;"SANGAT TIDAK SEHAT"
2;"2013-03-15";70;0;36;205;"SANGAT TIDAK SEHAT"
2;"2013-03-16";55;0;26;210;"SANGAT TIDAK SEHAT"
2;"2013-03-17";58;0;28;212;"SANGAT TIDAK SEHAT"
2;"2013-03-18";51;0;18;176;"TIDAK SEHAT"
2;"2013-03-19";69;0;19;206;"SANGAT TIDAK SEHAT"
2;"2013-03-20";63;0;19;217;"SANGAT TIDAK SEHAT"
2;"2013-03-21";62;0;24;178;"TIDAK SEHAT"
2;"2013-03-22";66;0;27;204;"SANGAT TIDAK SEHAT"
2;"2013-03-23";70;0;20;168;"TIDAK SEHAT"
2;"2013-03-24";51;0;26;198;"TIDAK SEHAT"
2;"2013-03-25";59;0;16;197;"TIDAK SEHAT"
2;"2013-03-26";67;0;22;198;"TIDAK SEHAT"
2;"2013-03-27";64;0;19;187;"TIDAK SEHAT"
5;"2013-03-28";90;0;36;213;"SANGAT TIDAK SEHAT"
2;"2013-03-29";67;0;37;276;"SANGAT TIDAK SEHAT"
2;"2013-03-30";59;0;21;263;"SANGAT TIDAK SEHAT"
2;"2013-03-31";48;0;18;267;"SANGAT TIDAK SEHAT"
2;"2013-04-01";54;0;27;268;"SANGAT TIDAK SEHAT"
3;"2013-04-02";41;0;25;92;"SEDANG"
4;"2013-04-03";61;0;28;151;"TIDAK SEHAT"
4;"2013-04-04";65;0;29;144;"TIDAK SEHAT"
4;"2013-04-05";49;0;38;66;"SEDANG"
4;"2013-04-06";43;0;16;132;"TIDAK SEHAT"
2;"2013-04-07";70;0;19;62;"SEDANG"
5;"2013-04-08";49;0;26;167;"TIDAK SEHAT"
5;"2013-04-09";55;0;20;167;"TIDAK SEHAT"
3;"2013-04-10";37;0;18;99;"SEDANG"
4;"2013-04-11";66;0;29;93;"SEDANG"
4;"2013-04-12";63;0;21;54;"SEDANG"
2;"2013-04-13";58;0;15;34;"SEDANG"
2;"2013-04-14";114;0;13;38;"TIDAK SEHAT"
2;"2013-04-15";107;0;19;51;"TIDAK SEHAT"
4;"2013-04-16";61;0;21;90;"SEDANG"
3;"2013-04-17";26;0;19;125;"TIDAK SEHAT"
1;"2013-04-18";49;0;31;121;"TIDAK SEHAT"
5;"2013-04-19";52;0;41;133;"TIDAK SEHAT"
5;"2013-04-20";67;0;34;128;"TIDAK SEHAT"
4;"2013-04-21";75;0;26;120;"TIDAK SEHAT"
4;"2013-04-22";53;0;28;71;"SEDANG"
1;"2013-04-23";73;0;53;77;"SEDANG"
5;"2013-04-24";71;0;33;65;"SEDANG"
5;"2013-04-25";79;0;43;140;"TIDAK SEHAT"
4;"2013-04-26";77;0;34;99;"SEDANG"
4;"2013-04-27";68;0;26;75;"SEDANG"
4;"2013-04-28";72;0;21;60;"SEDANG"
4;"2013-04-29";67;0;15;60;"SEDANG"
4;"2013-04-30";71;0;13;68;"SEDANG"
4;"2013-05-01";71;0;17;74;"SEDANG"
5;"2013-05-02";0;0;21;83;"SEDANG"
3;"2013-05-03";39;0;10;72;"SEDANG"
3;"2013-05-04";45;0;12;94;"SEDANG"
4;"2013-05-05";76;0;20;68;"SEDANG"
4;"2013-05-06";89;0;30;113;"TIDAK SEHAT"
4;"2013-05-07";89;0;32;79;"SEDANG"
4;"2013-05-08";52;0;21;71;"SEDANG"
4;"2013-05-09";66;0;17;77;"SEDANG"
5;"2013-05-10";67;0;15;117;"TIDAK SEHAT"
3;"2013-05-11";28;0;12;110;"TIDAK SEHAT"
4;"2013-05-12";57;0;20;110;"TIDAK SEHAT"
4;"2013-05-13";69;0;24;47;"SEDANG"
5;"2013-05-14";0;0;54;93;"SEDANG"
4;"2013-05-15";82;0;40;52;"SEDANG"
4;"2013-05-16";69;0;35;64;"SEDANG"
4;"2013-05-17";87;0;20;77;"SEDANG"
4;"2013-05-18";61;0;29;135;"TIDAK SEHAT"
4;"2013-05-19";72;0;27;133;"TIDAK SEHAT"
5;"2013-05-20";49;0;20;154;"TIDAK SEHAT"
5;"2013-05-21";76;0;31;127;"TIDAK SEHAT"
5;"2013-05-22";88;0;62;55;"SEDANG"
5;"2013-05-23";60;0;35;149;"TIDAK SEHAT"
5;"2013-05-24";61;0;21;119;"TIDAK SEHAT"
4;"2013-05-25";65;0;19;99;"SEDANG"
4;"2013-05-26";63;0;20;103;"TIDAK SEHAT"
3;"2013-05-27";50;0;19;90;"SEDANG"
2;"2013-05-28";47;0;18;78;"SEDANG"
4;"2013-05-29";79;0;63;120;"TIDAK SEHAT"
4;"2013-05-30";59;0;20;75;"SEDANG"
4;"2013-05-31";37;0;20;60;"SEDANG"
4;"2013-06-01";43;0;14;81;"SEDANG"
4;"2013-06-02";67;0;42;69;"SEDANG"
4;"2013-06-03";64;0;20;60;"SEDANG"
4;"2013-06-04";56;0;20;45;"SEDANG"
4;"2013-06-05";62;0;24;95;"SEDANG"
4;"2013-06-06";53;0;13;48;"SEDANG"
4;"2013-06-07";76;0;30;149;"TIDAK SEHAT"
4;"2013-06-08";111;0;46;129;"TIDAK SEHAT"
2;"2013-06-09";68;0;30;153;"TIDAK SEHAT"
3;"2013-06-10";21;0;28;113;"TIDAK SEHAT"
4;"2013-06-11";59;0;19;116;"TIDAK SEHAT"
4;"2013-06-12";37;0;18;55;"SEDANG"
4;"2013-06-13";61;0;17;72;"SEDANG"
5;"2013-06-14";56;0;29;71;"SEDANG"
4;"2013-06-15";67;0;18;74;"SEDANG"
5;"2013-06-16";85;0;40;151;"TIDAK SEHAT"
3;"2013-06-17";43;0;44;124;"TIDAK SEHAT"
4;"2013-06-18";78;0;46;65;"SEDANG"
4;"2013-06-19";64;0;29;60;"SEDANG"
2;"2013-06-20";64;0;25;74;"SEDANG"
4;"2013-06-21";99;0;62;90;"SEDANG"
4;"2013-06-22";92;0;40;82;"SEDANG"
4;"2013-06-23";74;0;21;97;"SEDANG"
2;"2013-06-24";63;0;20;114;"TIDAK SEHAT"
4;"2013-06-25";87;0;18;140;"TIDAK SEHAT"
4;"2013-06-26";93;0;19;101;"TIDAK SEHAT"
4;"2013-06-27";71;0;20;89;"SEDANG"
5;"2013-06-28";54;0;12;68;"SEDANG"
5;"2013-06-29";87;0;50;63;"SEDANG"
4;"2013-06-30";73;0;35;69;"SEDANG"
4;"2013-07-01";63;0;17;71;"SEDANG"
4;"2013-07-02";82;0;27;76;"SEDANG"
3;"2013-07-03";24;0;31;134;"TIDAK SEHAT"
2;"2013-07-04";58;0;35;24;"SEDANG"
4;"2013-07-05";54;0;28;64;"SEDANG"
1;"2013-07-06";58;0;46;37;"SEDANG"
4;"2013-07-07";83;0;53;65;"SEDANG"
4;"2013-07-08";100;0;37;109;"TIDAK SEHAT"
2;"2013-07-09";66;0;23;121;"TIDAK SEHAT"
4;"2013-07-10";52;0;18;104;"TIDAK SEHAT"
3;"2013-07-11";34;0;32;118;"TIDAK SEHAT"
4;"2013-07-12";53;0;28;88;"SEDANG"
4;"2013-07-13";57;0;29;83;"SEDANG"
2;"2013-07-14";30;0;16;74;"SEDANG"
4;"2013-07-15";61;0;23;76;"SEDANG"
2;"2013-07-16";77;0;34;45;"SEDANG"
4;"2013-07-17";70;0;27;117;"TIDAK SEHAT"
4;"2013-07-18";0;0;20;84;"SEDANG"
5;"2013-07-19";60;0;18;99;"SEDANG"
5;"2013-07-20";70;0;26;129;"TIDAK SEHAT"
2;"2013-07-21";68;0;22;105;"TIDAK SEHAT"
5;"2013-07-22";62;0;32;112;"TIDAK SEHAT"
5;"2013-07-23";81;0;46;93;"SEDANG"
2;"2013-07-24";64;0;17;46;"SEDANG"
4;"2013-07-25";65;0;25;56;"SEDANG"
4;"2013-07-26";57;0;11;46;"SEDANG"
4;"2013-07-27";72;0;16;91;"SEDANG"
4;"2013-07-28";78;0;41;78;"SEDANG"
4;"2013-07-29";80;0;24;115;"TIDAK SEHAT"
3;"2013-07-30";43;0;24;85;"SEDANG"
4;"2013-07-31";75;0;18;88;"SEDANG"
3;"2013-08-01";42;0;27;104;"TIDAK SEHAT"
3;"2013-08-02";25;0;37;75;"SEDANG"
5;"2013-08-03";68;0;10;72;"SEDANG"
3;"2013-08-04";26;0;38;75;"SEDANG"
5;"2013-08-05";66;0;8;87;"SEDANG"
5;"2013-08-06";86;0;12;122;"TIDAK SEHAT"
5;"2013-08-07";61;0;7;86;"SEDANG"
4;"2013-08-08";64;0;39;94;"SEDANG"
4;"2013-08-09";51;0;14;87;"SEDANG"
4;"2013-08-10";66;0;27;117;"TIDAK SEHAT"
4;"2013-08-11";59;0;23;92;"SEDANG"
3;"2013-08-12";20;0;17;110;"TIDAK SEHAT"
3;"2013-08-13";22;0;39;119;"TIDAK SEHAT"
3;"2013-08-14";28;0;19;115;"TIDAK SEHAT"
4;"2013-08-15";72;0;17;52;"SEDANG"
1;"2013-08-16";57;0;23;68;"SEDANG"
4;"2013-08-17";68;0;18;59;"SEDANG"
4;"2013-08-18";54;0;14;79;"SEDANG"
4;"2013-08-19";60;0;20;71;"SEDANG"
3;"2013-08-20";23;0;23;110;"TIDAK SEHAT"
3;"2013-08-21";17;0;24;107;"TIDAK SEHAT"
2;"2013-08-22";67;0;15;85;"SEDANG"
5;"2013-08-23";82;0;8;113;"TIDAK SEHAT"
5;"2013-08-24";74;0;8;88;"SEDANG"
5;"2013-08-25";63;0;5;75;"SEDANG"
4;"2013-08-26";78;0;16;59;"SEDANG"
5;"2013-08-27";66;0;6;85;"SEDANG"
4;"2013-08-28";74;0;14;124;"TIDAK SEHAT"
4;"2013-08-29";74;0;12;58;"SEDANG"
4;"2013-08-30";91;0;18;56;"SEDANG"
3;"2013-08-31";14;0;27;81;"SEDANG"
4;"2013-09-01";74;0;16;57;"SEDANG"
3;"2013-09-02";28;0;30;109;"TIDAK SEHAT"
5;"2013-09-03";75;0;10;125;"TIDAK SEHAT"
2;"2013-09-04";53;0;15;98;"SEDANG"
5;"2013-09-05";70;0;10;139;"TIDAK SEHAT"
4;"2013-09-06";61;0;13;123;"TIDAK SEHAT"
4;"2013-09-07";68;0;20;78;"SEDANG"
3;"2013-09-08";18;0;22;92;"SEDANG"
3;"2013-09-09";20;0;27;90;"SEDANG"
3;"2013-09-10";21;0;42;98;"SEDANG"
3;"2013-09-11";22;0;30;105;"TIDAK SEHAT"
4;"2013-09-12";76;0;13;65;"SEDANG"
3;"2013-09-13";19;0;31;114;"TIDAK SEHAT"
4;"2013-09-14";71;0;14;113;"TIDAK SEHAT"
3;"2013-09-15";20;0;35;98;"SEDANG"
5;"2013-09-16";52;0;7;63;"SEDANG"
5;"2013-09-17";68;0;9;138;"TIDAK SEHAT"
4;"2013-09-18";67;0;16;110;"TIDAK SEHAT"
5;"2013-09-19";69;0;8;91;"SEDANG"
3;"2013-09-20";18;0;20;84;"SEDANG"
5;"2013-09-21";62;0;6;134;"TIDAK SEHAT"
3;"2013-09-22";20;0;19;107;"TIDAK SEHAT"
5;"2013-09-23";61;0;6;128;"TIDAK SEHAT"
5;"2013-09-24";60;0;5;79;"SEDANG"
5;"2013-09-25";76;0;7;117;"TIDAK SEHAT"
4;"2013-09-26";67;0;17;100;"SEDANG"
4;"2013-09-27";62;0;13;118;"TIDAK SEHAT"
3;"2013-09-28";46;0;18;91;"SEDANG"
4;"2013-09-29";77;0;15;88;"SEDANG"
5;"2013-09-30";73;0;8;54;"SEDANG"
4;"2013-10-01";101;0;21;79;"TIDAK SEHAT"
5;"2013-10-02";82;0;10;110;"TIDAK SEHAT"
3;"2013-10-03";41;0;32;110;"TIDAK SEHAT"
4;"2013-10-04";85;0;16;134;"TIDAK SEHAT"
2;"2013-10-05";68;0;16;107;"TIDAK SEHAT"
5;"2013-10-06";69;0;6;134;"TIDAK SEHAT"
3;"2013-10-07";0;0;19;101;"TIDAK SEHAT"
5;"2013-10-08";90;0;11;88;"SEDANG"
5;"2013-10-09";70;0;9;117;"TIDAK SEHAT"
3;"2013-10-10";43;0;22;93;"SEDANG"
3;"2013-10-11";51;0;38;107;"TIDAK SEHAT"
3;"2013-10-12";36;0;19;121;"TIDAK SEHAT"
4;"2013-10-13";67;0;11;119;"TIDAK SEHAT"
4;"2013-10-14";65;0;36;120;"TIDAK SEHAT"
3;"2013-10-15";31;0;24;80;"SEDANG"
3;"2013-10-16";30;0;24;80;"SEDANG"
4;"2013-10-17";72;0;11;45;"SEDANG"
4;"2013-10-18";73;0;8;83;"SEDANG"
3;"2013-10-19";37;0;47;139;"TIDAK SEHAT"
5;"2013-10-20";56;0;5;91;"SEDANG"
2;"2013-10-21";60;0;20;105;"TIDAK SEHAT"
3;"2013-10-22";39;0;30;89;"SEDANG"
5;"2013-10-23";62;0;10;91;"SEDANG"
3;"2013-10-24";28;0;37;103;"TIDAK SEHAT"
4;"2013-10-25";70;0;19;159;"TIDAK SEHAT"
5;"2013-10-26";69;0;10;110;"TIDAK SEHAT"
2;"2013-10-27";75;0;30;85;"SEDANG"
4;"2013-10-28";0;0;21;124;"TIDAK SEHAT"
4;"2013-10-29";54;0;23;125;"TIDAK SEHAT"
4;"2013-10-30";54;0;26;95;"SEDANG"
4;"2013-10-31";60;0;21;120;"TIDAK SEHAT"
4;"2013-11-01";58;0;22;130;"TIDAK SEHAT"
5;"2013-11-02";64;0;10;97;"SEDANG"
5;"2013-11-03";70;0;12;98;"SEDANG"
2;"2013-11-04";56;0;18;123;"TIDAK SEHAT"
2;"2013-11-05";58;0;17;118;"TIDAK SEHAT"
4;"2013-11-06";77;0;37;159;"TIDAK SEHAT"
4;"2013-11-07";80;0;25;152;"TIDAK SEHAT"
4;"2013-11-08";58;0;10;132;"TIDAK SEHAT"
4;"2013-11-09";47;0;29;101;"TIDAK SEHAT"
2;"2013-11-10";59;0;25;131;"TIDAK SEHAT"
4;"2013-11-11";56;0;20;157;"TIDAK SEHAT"
5;"2013-11-12";76;0;13;87;"SEDANG"
5;"2013-11-13";55;0;8;140;"TIDAK SEHAT"
3;"2013-11-14";23;0;49;121;"TIDAK SEHAT"
2;"2013-11-15";53;0;28;104;"TIDAK SEHAT"
4;"2013-11-16";41;0;8;97;"SEDANG"
4;"2013-11-17";41;0;16;111;"TIDAK SEHAT"
4;"2013-11-18";34;0;14;82;"SEDANG"
2;"2013-11-19";40;0;19;59;"SEDANG"
4;"2013-11-20";50;0;11;25;"BAIK"
2;"2013-11-21";35;0;17;58;"SEDANG"
2;"2013-11-22";52;0;20;128;"TIDAK SEHAT"
4;"2013-11-23";67;0;10;85;"SEDANG"
4;"2013-11-24";60;0;6;147;"TIDAK SEHAT"
4;"2013-11-25";53;0;6;147;"TIDAK SEHAT"
5;"2013-11-26";66;0;7;34;"SEDANG"
2;"2013-11-27";54;0;20;112;"TIDAK SEHAT"
4;"2013-11-28";60;0;11;127;"TIDAK SEHAT"
4;"2013-11-29";54;0;18;140;"TIDAK SEHAT"
4;"2013-11-30";51;0;5;151;"TIDAK SEHAT"
4;"2013-12-01";64;0;11;158;"TIDAK SEHAT"
4;"2013-12-02";58;0;16;193;"TIDAK SEHAT"
4;"2013-12-03";57;0;15;169;"TIDAK SEHAT"
4;"2013-12-04";54;0;16;159;"TIDAK SEHAT"
5;"2013-12-05";53;0;9;133;"TIDAK SEHAT"
4;"2013-12-06";54;0;20;102;"TIDAK SEHAT"
4;"2013-12-07";51;0;20;100;"SEDANG"
4;"2013-12-08";57;0;20;117;"TIDAK SEHAT"
4;"2013-12-09";55;0;28;88;"SEDANG"
5;"2013-12-10";45;0;12;142;"TIDAK SEHAT"
4;"2013-12-11";57;0;16;96;"SEDANG"
2;"2013-12-12";40;0;22;53;"SEDANG"
1;"2013-12-13";56;0;57;0;"SEDANG"
4;"2013-12-14";30;0;22;79;"SEDANG"
4;"2013-12-15";50;0;34;101;"TIDAK SEHAT"
2;"2013-12-16";41;0;21;141;"TIDAK SEHAT"
4;"2013-12-17";52;0;17;132;"TIDAK SEHAT"
4;"2013-12-18";72;0;54;123;"TIDAK SEHAT"
4;"2013-12-19";53;0;17;117;"TIDAK SEHAT"
4;"2013-12-20";52;0;22;79;"SEDANG"
1;"2013-12-21";0;0;50;34;"BAIK"
4;"2013-12-22";26;0;12;54;"SEDANG"
4;"2013-12-23";27;0;15;53;"SEDANG"
4;"2013-12-24";30;0;9;47;"BAIK"
1;"2013-12-25";57;0;32;63;"SEDANG"
4;"2013-12-26";51;0;27;72;"SEDANG"
4;"2013-12-27";72;0;49;71;"SEDANG"
4;"2013-12-28";67;0;46;65;"SEDANG"
4;"2013-12-29";53;0;17;63;"SEDANG"
4;"2013-12-30";35;0;9;67;"SEDANG"
4;"2013-12-31";17;0;10;69;"SEDANG"
1;"2014-01-01";77;0;39;54;"SEDANG"
4;"2014-01-02";37;0;29;74;"SEDANG"
4;"2014-01-03";55;0;34;97;"SEDANG"
3;"2014-01-04";23;0;36;57;"SEDANG"
1;"2014-01-05";39;0;18;48;"BAIK"
1;"2014-01-06";27;0;18;45;"BAIK"
1;"2014-01-07";40;0;27;52;"SEDANG"
4;"2014-01-08";51;0;20;65;"SEDANG"
4;"2014-01-09";39;0;54;43;"SEDANG"
2;"2014-01-10";29;0;15;95;"SEDANG"
4;"2014-01-11";56;0;23;96;"SEDANG"
1;"2014-01-12";44;0;25;71;"SEDANG"
4;"2014-01-13";20;0;18;70;"SEDANG"
4;"2014-01-14";34;0;19;72;"SEDANG"
1;"2014-01-15";46;0;29;54;"SEDANG"
1;"2014-01-16";50;0;39;46;"BAIK"
4;"2014-01-17";30;0;20;61;"SEDANG"
1;"2014-01-18";39;0;25;55;"SEDANG"
4;"2014-01-19";27;0;24;60;"SEDANG"
1;"2014-01-20";54;0;23;53;"SEDANG"
4;"2014-01-21";19;0;12;54;"SEDANG"
1;"2014-01-22";59;0;29;51;"SEDANG"
1;"2014-01-23";48;0;26;53;"SEDANG"
1;"2014-01-24";59;0;41;50;"SEDANG"
4;"2014-01-25";26;0;14;56;"SEDANG"
5;"2014-01-26";67;0;43;36;"SEDANG"
1;"2014-01-27";65;0;29;51;"SEDANG"
4;"2014-01-28";19;0;19;53;"SEDANG"
4;"2014-01-29";19;0;20;51;"SEDANG"
5;"2014-01-30";54;0;25;35;"SEDANG"
5;"2014-01-31";56;0;23;43;"SEDANG"
5;"2014-02-01";61;0;22;47;"SEDANG"
2;"2014-02-02";32;0;7;50;"BAIK"
3;"2014-02-03";28;0;31;48;"BAIK"
4;"2014-02-04";0;0;26;83;"SEDANG"
4;"2014-02-05";53;0;44;85;"SEDANG"
4;"2014-02-06";51;0;40;83;"SEDANG"
4;"2014-02-07";46;0;37;66;"SEDANG"
5;"2014-02-08";37;0;11;60;"SEDANG"
3;"2014-02-09";24;0;71;41;"SEDANG"
4;"2014-02-10";39;0;24;80;"SEDANG"
4;"2014-02-11";55;0;27;75;"SEDANG"
4;"2014-02-12";63;0;30;77;"SEDANG"
3;"2014-02-13";38;0;40;79;"SEDANG"
2;"2014-02-14";51;0;13;63;"SEDANG"
5;"2014-02-15";78;0;37;40;"SEDANG"
5;"2014-02-16";82;0;43;45;"SEDANG"
5;"2014-02-17";113;0;61;66;"TIDAK SEHAT"
5;"2014-02-18";76;0;35;61;"SEDANG"
1;"2014-02-19";75;0;37;48;"SEDANG"
5;"2014-02-20";91;0;36;75;"SEDANG"
5;"2014-02-21";52;0;13;73;"SEDANG"
4;"2014-02-22";38;0;18;52;"SEDANG"
4;"2014-02-23";27;0;42;54;"SEDANG"
4;"2014-02-24";51;0;17;0;"SEDANG"
1;"2014-02-25";54;0;43;53;"SEDANG"
2;"2014-02-26";52;0;23;58;"SEDANG"
5;"2014-02-27";65;0;47;83;"SEDANG"
5;"2014-02-28";105;0;119;86;"TIDAK SEHAT"
3;"2014-03-01";40;0;31;91;"SEDANG"
4;"2014-03-02";52;0;11;92;"SEDANG"
3;"2014-03-03";25;0;25;144;"TIDAK SEHAT"
3;"2014-03-04";26;0;26;156;"TIDAK SEHAT"
4;"2014-03-05";63;0;9;98;"SEDANG"
5;"2014-03-06";105;0;54;190;"TIDAK SEHAT"
2;"2014-03-07";77;0;27;101;"TIDAK SEHAT"
3;"2014-03-08";33;0;25;85;"SEDANG"
5;"2014-03-09";89;0;39;65;"SEDANG"
5;"2014-03-10";82;0;24;76;"SEDANG"
4;"2014-03-11";95;0;14;59;"SEDANG"
5;"2014-03-12";69;0;59;66;"SEDANG"
4;"2014-03-13";89;0;11;96;"SEDANG"
3;"2014-03-14";26;0;34;99;"SEDANG"
3;"2014-03-15";37;0;51;138;"TIDAK SEHAT"
4;"2014-03-16";97;0;16;76;"SEDANG"
4;"2014-03-17";77;0;20;146;"TIDAK SEHAT"
4;"2014-03-18";68;0;14;126;"TIDAK SEHAT"
5;"2014-03-19";76;0;30;98;"SEDANG"
5;"2014-03-20";86;0;37;195;"TIDAK SEHAT"
5;"2014-03-21";64;0;18;88;"SEDANG"
5;"2014-03-22";64;0;20;54;"SEDANG"
4;"2014-03-23";49;0;13;71;"SEDANG"
5;"2014-03-24";83;0;50;75;"SEDANG"
5;"2014-03-25";62;0;21;63;"SEDANG"
5;"2014-03-26";54;0;17;83;"SEDANG"
3;"2014-03-27";55;0;54;114;"TIDAK SEHAT"
2;"2014-03-28";62;0;32;163;"TIDAK SEHAT"
5;"2014-03-29";66;0;23;118;"TIDAK SEHAT"
5;"2014-03-30";66;0;21;91;"SEDANG"
5;"2014-03-31";71;0;29;89;"SEDANG"
5;"2014-04-01";81;0;30;111;"TIDAK SEHAT"
5;"2014-04-02";74;0;0;109;"TIDAK SEHAT"
5;"2014-04-03";69;0;0;133;"TIDAK SEHAT"
5;"2014-04-04";90;0;0;146;"TIDAK SEHAT"
5;"2014-04-05";83;0;52;162;"TIDAK SEHAT"
5;"2014-04-06";53;0;14;94;"SEDANG"
5;"2014-04-07";46;0;12;119;"TIDAK SEHAT"
5;"2014-04-08";58;0;24;93;"SEDANG"
5;"2014-04-09";43;0;9;78;"SEDANG"
5;"2014-04-10";51;0;10;57;"SEDANG"
5;"2014-04-11";62;0;17;78;"SEDANG"
5;"2014-04-12";68;0;26;94;"SEDANG"
5;"2014-04-13";59;0;13;88;"SEDANG"
5;"2014-04-14";51;0;17;87;"SEDANG"
5;"2014-04-15";49;0;20;99;"SEDANG"
5;"2014-04-16";48;0;10;98;"SEDANG"
2;"2014-04-17";68;0;35;164;"TIDAK SEHAT"
5;"2014-04-18";66;0;46;158;"TIDAK SEHAT"
5;"2014-04-19";55;0;38;106;"TIDAK SEHAT"
5;"2014-04-20";51;0;26;76;"SEDANG"
5;"2014-04-21";57;0;18;94;"SEDANG"
4;"2014-04-22";42;0;15;78;"SEDANG"
5;"2014-04-23";64;0;40;180;"TIDAK SEHAT"
5;"2014-04-24";54;0;21;123;"TIDAK SEHAT"
2;"2014-04-25";46;0;14;69;"SEDANG"
5;"2014-04-26";45;0;13;163;"TIDAK SEHAT"
5;"2014-04-27";44;0;14;162;"TIDAK SEHAT"
5;"2014-04-28";55;0;20;178;"TIDAK SEHAT"
5;"2014-04-29";54;0;23;165;"TIDAK SEHAT"
3;"2014-04-30";18;0;23;119;"TIDAK SEHAT"
5;"2014-05-01";68;0;28;94;"SEDANG"
5;"2014-05-02";88;0;39;131;"TIDAK SEHAT"
5;"2014-05-03";85;0;97;144;"TIDAK SEHAT"
5;"2014-05-04";65;0;0;137;"TIDAK SEHAT"
5;"2014-05-05";66;0;0;94;"SEDANG"
5;"2014-05-06";63;0;0;107;"TIDAK SEHAT"
5;"2014-05-07";72;0;0;144;"TIDAK SEHAT"
5;"2014-05-08";62;0;34;129;"TIDAK SEHAT"
5;"2014-05-09";55;0;26;200;"SANGAT TIDAK SEHAT"
5;"2014-05-10";70;0;24;165;"TIDAK SEHAT"
5;"2014-05-11";67;0;23;169;"TIDAK SEHAT"
5;"2014-05-12";70;0;37;144;"TIDAK SEHAT"
5;"2014-05-13";89;0;0;200;"SANGAT TIDAK SEHAT"
5;"2014-05-14";58;0;0;195;"TIDAK SEHAT"
5;"2014-05-15";62;0;21;139;"TIDAK SEHAT"
5;"2014-05-16";69;0;37;75;"SEDANG"
5;"2014-05-17";52;0;22;106;"TIDAK SEHAT"
5;"2014-05-18";60;0;27;190;"TIDAK SEHAT"
5;"2014-05-19";74;0;30;121;"TIDAK SEHAT"
5;"2014-05-20";58;0;34;133;"TIDAK SEHAT"
5;"2014-05-21";75;0;31;153;"TIDAK SEHAT"
5;"2014-05-22";59;0;18;108;"TIDAK SEHAT"
5;"2014-05-23";57;0;28;93;"SEDANG"
5;"2014-05-24";77;0;41;104;"TIDAK SEHAT"
5;"2014-05-25";78;0;41;109;"TIDAK SEHAT"
5;"2014-05-26";57;0;26;114;"TIDAK SEHAT"
5;"2014-05-27";77;0;45;211;"SANGAT TIDAK SEHAT"
5;"2014-05-28";59;0;0;161;"TIDAK SEHAT"
5;"2014-05-29";55;0;0;126;"TIDAK SEHAT"
5;"2014-05-30";67;0;25;99;"SEDANG"
5;"2014-05-31";59;0;25;100;"SEDANG"
5;"2014-06-01";80;0;35;136;"TIDAK SEHAT"
4;"2014-06-02";76;0;21;65;"SEDANG"
4;"2014-06-03";86;0;18;51;"SEDANG"
4;"2014-06-04";89;0;22;76;"SEDANG"
5;"2014-06-05";88;0;25;135;"TIDAK SEHAT"
5;"2014-06-06";82;0;29;94;"SEDANG"
4;"2014-06-07";111;0;21;56;"TIDAK SEHAT"
4;"2014-06-08";92;0;26;236;"SANGAT TIDAK SEHAT"
4;"2014-06-09";87;0;18;64;"SEDANG"
5;"2014-06-10";67;0;27;97;"SEDANG"
3;"2014-06-11";48;0;26;129;"TIDAK SEHAT"
5;"2014-06-12";69;0;0;214;"SANGAT TIDAK SEHAT"
5;"2014-06-13";52;0;25;205;"SANGAT TIDAK SEHAT"
5;"2014-06-14";78;0;47;0;"SEDANG"
4;"2014-06-15";53;0;25;65;"SEDANG"
3;"2014-06-16";19;0;23;86;"SEDANG"
5;"2014-06-17";53;0;24;117;"TIDAK SEHAT"
5;"2014-06-18";66;0;34;87;"SEDANG"
2;"2014-06-19";56;0;16;77;"SEDANG"
2;"2014-06-20";69;0;25;68;"SEDANG"
4;"2014-06-21";71;0;14;43;"SEDANG"
2;"2014-06-22";72;0;41;112;"TIDAK SEHAT"
2;"2014-06-23";65;0;25;92;"SEDANG"
2;"2014-06-24";59;0;17;70;"SEDANG"
4;"2014-06-25";79;0;30;61;"SEDANG"
5;"2014-06-26";51;0;34;67;"SEDANG"
5;"2014-06-27";95;0;50;0;"SEDANG"
4;"2014-06-28";64;0;20;92;"SEDANG"
4;"2014-06-29";90;0;17;88;"SEDANG"
5;"2014-06-30";67;0;23;117;"TIDAK SEHAT"
4;"2014-07-01";77;0;14;95;"SEDANG"
4;"2014-07-02";75;0;12;61;"SEDANG"
5;"2014-07-03";88;0;27;96;"SEDANG"
5;"2014-07-04";90;0;47;62;"SEDANG"
3;"2014-07-05";24;0;16;70;"SEDANG"
5;"2014-07-06";56;0;17;61;"SEDANG"
5;"2014-07-07";51;0;20;80;"SEDANG"
5;"2014-07-08";57;0;37;72;"SEDANG"
5;"2014-07-09";106;0;83;0;"TIDAK SEHAT"
5;"2014-07-10";50;0;14;91;"SEDANG"
4;"2014-07-11";58;0;8;35;"SEDANG"
5;"2014-07-12";83;0;41;60;"SEDANG"
5;"2014-07-13";70;0;28;31;"SEDANG"
2;"2014-07-14";0;0;19;140;"TIDAK SEHAT"
2;"2014-07-15";0;0;17;84;"SEDANG"
3;"2014-07-16";16;0;19;94;"SEDANG"
5;"2014-07-17";58;0;32;89;"SEDANG"
3;"2014-07-18";13;0;27;76;"SEDANG"
5;"2014-07-19";55;0;19;86;"SEDANG"
3;"2014-07-20";12;0;16;65;"SEDANG"
3;"2014-07-21";12;0;17;87;"SEDANG"
2;"2014-07-22";60;0;19;104;"TIDAK SEHAT"
4;"2014-07-23";44;0;8;91;"SEDANG"
2;"2014-07-24";60;0;25;70;"SEDANG"
2;"2014-07-25";67;0;34;68;"SEDANG"
2;"2014-07-26";51;0;20;63;"SEDANG"
1;"2014-07-27";33;0;26;60;"SEDANG"
5;"2014-07-28";59;0;33;90;"SEDANG"
3;"2014-07-29";14;0;13;87;"SEDANG"
3;"2014-07-30";14;0;19;54;"SEDANG"
2;"2014-07-31";51;0;8;84;"SEDANG"
2;"2014-08-01";54;0;9;80;"SEDANG"
3;"2014-08-02";17;0;11;74;"SEDANG"
3;"2014-08-03";15;0;22;77;"SEDANG"
3;"2014-08-04";17;0;19;65;"SEDANG"
2;"2014-08-05";57;0;11;61;"SEDANG"
2;"2014-08-06";57;0;9;51;"SEDANG"
4;"2014-08-07";64;0;7;0;"SEDANG"
3;"2014-08-08";25;0;22;74;"SEDANG"
3;"2014-08-09";15;0;14;93;"SEDANG"
3;"2014-08-10";25;0;17;88;"SEDANG"
2;"2014-08-11";66;0;11;50;"SEDANG"
3;"2014-08-12";12;0;18;99;"SEDANG"
3;"2014-08-13";13;0;15;98;"SEDANG"
4;"2014-08-14";73;0;10;50;"SEDANG"
3;"2014-08-15";22;0;15;82;"SEDANG"
3;"2014-08-16";14;0;12;85;"SEDANG"
3;"2014-08-17";14;0;24;86;"SEDANG"
3;"2014-08-18";17;0;29;80;"SEDANG"
3;"2014-08-19";0;0;16;98;"SEDANG"
5;"2014-08-20";64;0;15;104;"TIDAK SEHAT"
4;"2014-08-21";93;0;16;0;"SEDANG"
4;"2014-08-22";108;0;14;0;"TIDAK SEHAT"
5;"2014-08-23";54;0;12;84;"SEDANG"
3;"2014-08-24";29;0;12;82;"SEDANG"
5;"2014-08-25";61;0;13;90;"SEDANG"
5;"2014-08-26";58;0;15;97;"SEDANG"
3;"2014-08-27";35;0;22;88;"SEDANG"
3;"2014-08-28";22;0;13;78;"SEDANG"
2;"2014-08-29";76;0;13;60;"SEDANG"
3;"2014-08-30";28;0;20;92;"SEDANG"
3;"2014-08-31";30;0;16;83;"SEDANG"
3;"2014-09-01";29;0;12;75;"SEDANG"
3;"2014-09-02";34;0;13;93;"SEDANG"
4;"2014-09-03";87;0;9;101;"TIDAK SEHAT"
3;"2014-09-04";29;0;17;115;"TIDAK SEHAT"
4;"2014-09-05";76;0;10;88;"SEDANG"
2;"2014-09-06";61;0;14;97;"SEDANG"
3;"2014-09-07";36;0;20;89;"SEDANG"
5;"2014-09-08";71;0;23;80;"SEDANG"
3;"2014-09-09";39;0;26;106;"TIDAK SEHAT"
3;"2014-09-10";48;0;27;83;"SEDANG"
3;"2014-09-11";43;0;16;89;"SEDANG"
3;"2014-09-12";26;0;19;87;"SEDANG"
3;"2014-09-13";42;0;21;91;"SEDANG"
3;"2014-09-14";22;0;14;88;"SEDANG"
3;"2014-09-15";25;0;20;102;"TIDAK SEHAT"
3;"2014-09-16";29;0;27;112;"TIDAK SEHAT"
4;"2014-09-17";82;0;8;0;"SEDANG"
3;"2014-09-18";21;0;16;81;"SEDANG"
4;"2014-09-19";77;0;5;0;"SEDANG"
3;"2014-09-20";23;0;15;86;"SEDANG"
3;"2014-09-21";27;0;32;90;"SEDANG"
3;"2014-09-22";22;0;20;79;"SEDANG"
3;"2014-09-23";14;0;15;76;"SEDANG"
4;"2014-09-24";99;0;5;34;"SEDANG"
2;"2014-09-25";76;0;20;124;"TIDAK SEHAT"
3;"2014-09-26";20;0;25;107;"TIDAK SEHAT"
4;"2014-09-27";85;0;7;78;"SEDANG"
4;"2014-09-28";90;0;6;79;"SEDANG"
4;"2014-09-29";78;0;5;93;"SEDANG"
2;"2014-09-30";66;0;22;77;"SEDANG"
4;"2014-10-01";102;0;6;67;"TIDAK SEHAT"
4;"2014-10-02";74;0;4;74;"SEDANG"
4;"2014-10-03";78;0;4;83;"SEDANG"
4;"2014-10-04";74;0;4;62;"SEDANG"
2;"2014-10-05";61;0;26;80;"SEDANG"
5;"2014-10-06";66;0;16;124;"TIDAK SEHAT"
4;"2014-10-07";83;0;5;75;"SEDANG"
2;"2014-10-08";56;0;17;89;"SEDANG"
4;"2014-10-09";66;0;4;78;"SEDANG"
2;"2014-10-10";75;0;13;81;"SEDANG"
2;"2014-10-11";53;0;22;121;"TIDAK SEHAT"
2;"2014-10-12";34;0;24;106;"TIDAK SEHAT"
2;"2014-10-13";53;0;16;131;"TIDAK SEHAT"
4;"2014-10-14";77;0;7;48;"SEDANG"
4;"2014-10-15";81;0;5;89;"SEDANG"
4;"2014-10-16";92;0;5;71;"SEDANG"
4;"2014-10-17";93;0;4;70;"SEDANG"
4;"2014-10-18";91;0;4;46;"SEDANG"
4;"2014-10-19";94;0;6;49;"SEDANG"
5;"2014-10-20";70;0;16;78;"SEDANG"
4;"2014-10-21";81;0;5;58;"SEDANG"
4;"2014-10-22";83;0;7;70;"SEDANG"
5;"2014-10-23";72;0;12;116;"TIDAK SEHAT"
2;"2014-10-24";100;0;14;81;"SEDANG"
2;"2014-10-25";116;0;18;76;"TIDAK SEHAT"
5;"2014-10-26";67;0;19;92;"SEDANG"
5;"2014-10-27";58;0;0;85;"SEDANG"
2;"2014-10-28";0;0;15;112;"TIDAK SEHAT"
2;"2014-10-29";84;0;13;70;"SEDANG"
4;"2014-10-30";71;0;6;0;"SEDANG"
4;"2014-10-31";83;0;7;60;"SEDANG"
2;"2014-11-01";0;0;12;96;"SEDANG"
5;"2014-11-02";56;0;16;107;"TIDAK SEHAT"
2;"2014-11-03";0;0;16;93;"SEDANG"
2;"2014-11-04";67;0;16;94;"SEDANG"
2;"2014-11-05";57;0;9;71;"SEDANG"
5;"2014-11-06";56;0;16;90;"SEDANG"
5;"2014-11-07";71;0;21;94;"SEDANG"
5;"2014-11-08";65;0;15;146;"TIDAK SEHAT"
2;"2014-11-09";64;0;29;94;"SEDANG"
2;"2014-11-10";60;0;16;99;"SEDANG"
2;"2014-11-11";54;0;22;103;"TIDAK SEHAT"
2;"2014-11-12";69;0;28;83;"SEDANG"
5;"2014-11-13";41;0;16;100;"SEDANG"
4;"2014-11-14";63;0;8;87;"SEDANG"
2;"2014-11-15";79;0;26;103;"TIDAK SEHAT"
2;"2014-11-16";67;0;16;104;"TIDAK SEHAT"
5;"2014-11-17";47;0;15;70;"SEDANG"
5;"2014-11-18";51;0;32;82;"SEDANG"
5;"2014-11-19";54;0;19;104;"TIDAK SEHAT"
2;"2014-11-20";0;0;21;90;"SEDANG"
2;"2014-11-21";60;0;19;72;"SEDANG"
5;"2014-11-22";51;0;26;82;"SEDANG"
4;"2014-11-23";78;0;8;36;"SEDANG"
2;"2014-11-24";57;0;19;105;"TIDAK SEHAT"
2;"2014-11-25";50;0;17;92;"SEDANG"
5;"2014-11-26";39;0;21;93;"SEDANG"
2;"2014-11-27";69;0;30;100;"SEDANG"
2;"2014-11-28";66;0;24;140;"TIDAK SEHAT"
2;"2014-11-29";79;0;35;64;"SEDANG"
1;"2014-11-30";29;0;26;51;"SEDANG"
2;"2014-12-01";33;0;13;34;"BAIK"
2;"2014-12-02";43;0;16;49;"BAIK"
2;"2014-12-03";33;0;13;52;"SEDANG"
4;"2014-12-04";54;0;6;77;"SEDANG"
2;"2014-12-05";50;0;16;103;"TIDAK SEHAT"
2;"2014-12-06";54;0;43;53;"SEDANG"
2;"2014-12-07";52;0;39;56;"SEDANG"
2;"2014-12-08";30;0;19;52;"SEDANG"
2;"2014-12-09";41;0;24;47;"BAIK"
2;"2014-12-10";38;0;13;51;"SEDANG"
4;"2014-12-11";61;0;8;35;"SEDANG"
4;"2014-12-12";52;0;10;31;"SEDANG"
4;"2014-12-13";59;0;9;58;"SEDANG"
4;"2014-12-14";50;0;6;35;"BAIK"
2;"2014-12-15";25;0;10;41;"BAIK"
4;"2014-12-16";72;0;11;47;"SEDANG"
2;"2014-12-17";29;0;11;52;"SEDANG"
4;"2014-12-18";56;0;15;29;"SEDANG"
1;"2014-12-19";62;0;19;46;"SEDANG"
1;"2014-12-20";33;0;20;42;"BAIK"
2;"2014-12-21";67;0;43;23;"SEDANG"
2;"2014-12-22";42;0;30;79;"SEDANG"
2;"2014-12-23";39;0;37;55;"SEDANG"
2;"2014-12-24";69;0;43;137;"TIDAK SEHAT"
2;"2014-12-25";58;0;37;130;"TIDAK SEHAT"
2;"2014-12-26";52;0;29;71;"SEDANG"
2;"2014-12-27";24;0;32;40;"BAIK"
4;"2014-12-28";39;0;42;137;"TIDAK SEHAT"
4;"2014-12-29";31;0;13;201;"SANGAT TIDAK SEHAT"
4;"2014-12-30";36;0;16;81;"SEDANG"
4;"2014-12-31";18;0;11;217;"SANGAT TIDAK SEHAT"
1;"2015-01-01";49;0;18;26;"BAIK"
2;"2015-01-02";28;0;26;48;"BAIK"
2;"2015-01-03";22;0;28;44;"BAIK"
2;"2015-01-04";18;0;28;42;"BAIK"
2;"2015-01-05";19;0;25;32;"BAIK"
2;"2015-01-06";27;0;26;37;"BAIK"
1;"2015-01-07";32;0;11;35;"BAIK"
3;"2015-01-08";48;0;21;4;"BAIK"
1;"2015-01-09";23;0;8;32;"BAIK"
2;"2015-01-10";25;0;24;43;"BAIK"
1;"2015-01-11";26;0;7;41;"BAIK"
1;"2015-01-12";26;0;23;37;"BAIK"
1;"2015-01-13";45;0;26;28;"BAIK"
2;"2015-01-14";38;0;44;40;"BAIK"
2;"2015-01-15";35;0;33;47;"BAIK"
3;"2015-01-16";18;0;61;24;"SEDANG"
2;"2015-01-17";32;0;26;43;"BAIK"
5;"2015-01-18";46;0;14;7;"BAIK"
1;"2015-01-19";54;0;20;41;"SEDANG"
2;"2015-01-20";69;0;72;51;"SEDANG"
2;"2015-01-21";56;0;61;30;"SEDANG"
4;"2015-01-22";45;0;24;15;"BAIK"
2;"2015-01-23";47;0;50;40;"BAIK"
3;"2015-01-24";17;0;72;65;"SEDANG"
3;"2015-01-25";12;0;26;67;"SEDANG"
3;"2015-01-26";14;0;41;59;"SEDANG"
5;"2015-01-27";68;0;34;24;"SEDANG"
3;"2015-01-28";19;0;46;65;"SEDANG"
3;"2015-01-29";10;0;32;61;"SEDANG"
1;"2015-01-30";52;0;15;39;"SEDANG"
1;"2015-01-31";54;0;17;36;"SEDANG"
1;"2015-02-01";42;0;16;30;"BAIK"
5;"2015-02-02";50;0;31;32;"BAIK"
5;"2015-02-03";76;0;38;29;"SEDANG"
5;"2015-02-04";68;0;27;36;"SEDANG"
3;"2015-02-05";17;0;33;58;"SEDANG"
3;"2015-02-06";16;0;52;49;"SEDANG"
3;"2015-02-07";13;0;33;53;"SEDANG"
1;"2015-02-08";49;0;18;32;"BAIK"
3;"2015-02-09";14;0;45;36;"BAIK"
3;"2015-02-10";13;0;42;46;"BAIK"
3;"2015-02-11";11;0;68;40;"SEDANG"
5;"2015-02-12";72;0;41;27;"SEDANG"
3;"2015-02-13";17;0;37;48;"BAIK"
5;"2015-02-14";58;0;41;27;"SEDANG"
3;"2015-02-15";25;0;71;44;"SEDANG"
3;"2015-02-16";18;0;50;72;"SEDANG"
3;"2015-02-17";21;0;57;63;"SEDANG"
4;"2015-02-18";0;0;35;66;"SEDANG"
3;"2015-02-19";11;0;34;42;"BAIK"
3;"2015-02-20";11;0;42;68;"SEDANG"
4;"2015-02-21";98;0;47;0;"SEDANG"
4;"2015-02-22";71;0;27;0;"SEDANG"
4;"2015-02-23";63;0;22;0;"SEDANG"
3;"2015-02-24";9;0;0;70;"SEDANG"
3;"2015-02-25";22;0;45;121;"TIDAK SEHAT"
3;"2015-02-26";13;0;35;147;"TIDAK SEHAT"
3;"2015-02-27";12;0;38;129;"TIDAK SEHAT"
4;"2015-02-28";78;0;29;34;"SEDANG"
4;"2015-03-01";86;0;38;26;"SEDANG"
1;"2015-03-02";57;0;15;38;"SEDANG"
1;"2015-03-03";62;0;20;44;"SEDANG"
1;"2015-03-04";59;0;36;38;"SEDANG"
1;"2015-03-05";51;0;17;38;"SEDANG"
5;"2015-03-06";58;0;27;70;"SEDANG"
4;"2015-03-07";53;0;17;59;"SEDANG"
4;"2015-03-08";46;0;22;28;"BAIK"
5;"2015-03-09";51;0;20;36;"SEDANG"
5;"2015-03-10";31;0;11;63;"SEDANG"
3;"2015-03-11";20;0;26;62;"SEDANG"
4;"2015-03-12";35;0;14;48;"BAIK"
1;"2015-03-13";66;0;36;35;"SEDANG"
4;"2015-03-14";72;0;40;43;"SEDANG"
1;"2015-03-15";64;0;17;48;"SEDANG"
4;"2015-03-16";53;0;40;71;"SEDANG"
4;"2015-03-17";66;0;26;85;"SEDANG"
2;"2015-03-18";75;0;35;104;"TIDAK SEHAT"
3;"2015-03-19";37;0;33;130;"TIDAK SEHAT"
2;"2015-03-20";57;0;30;127;"TIDAK SEHAT"
3;"2015-03-21";16;0;30;92;"SEDANG"
3;"2015-03-22";22;0;36;113;"TIDAK SEHAT"
5;"2015-03-23";36;0;19;155;"TIDAK SEHAT"
3;"2015-03-24";37;0;46;94;"SEDANG"
4;"2015-03-25";75;0;27;23;"SEDANG"
2;"2015-03-26";66;0;34;49;"SEDANG"
3;"2015-03-27";18;0;58;83;"SEDANG"
3;"2015-03-28";24;0;33;77;"SEDANG"
4;"2015-03-29";78;0;37;11;"SEDANG"
3;"2015-03-30";25;0;47;76;"SEDANG"
4;"2015-03-31";80;0;21;64;"SEDANG"
2;"2015-04-01";65;0;37;80;"SEDANG"
2;"2015-04-02";62;0;35;88;"SEDANG"
3;"2015-04-03";20;0;45;54;"SEDANG"
2;"2015-04-04";67;0;46;108;"TIDAK SEHAT"
5;"2015-04-05";58;0;36;77;"SEDANG"
4;"2015-04-06";71;0;30;57;"SEDANG"
4;"2015-04-07";57;0;12;24;"SEDANG"
2;"2015-04-08";49;0;29;86;"SEDANG"
2;"2015-04-09";65;0;42;86;"SEDANG"
3;"2015-04-10";17;0;64;87;"SEDANG"
2;"2015-04-11";46;0;27;62;"SEDANG"
3;"2015-04-12";18;0;30;88;"SEDANG"
1;"2015-04-13";74;0;35;56;"SEDANG"
4;"2015-04-14";74;0;18;61;"SEDANG"
3;"2015-04-15";15;0;37;83;"SEDANG"
3;"2015-04-16";15;0;35;87;"SEDANG"
2;"2015-04-17";64;0;33;53;"SEDANG"
4;"2015-04-18";84;0;45;55;"SEDANG"
2;"2015-04-19";82;0;48;111;"TIDAK SEHAT"
1;"2015-04-20";55;0;28;98;"SEDANG"
3;"2015-04-21";18;0;42;101;"TIDAK SEHAT"
3;"2015-04-22";14;0;34;119;"TIDAK SEHAT"
1;"2015-04-23";30;0;11;46;"BAIK"
1;"2015-04-24";26;0;9;39;"BAIK"
1;"2015-04-25";29;0;10;40;"BAIK"
2;"2015-04-26";53;0;39;32;"SEDANG"
4;"2015-04-27";46;0;34;67;"SEDANG"
4;"2015-04-28";46;0;18;38;"BAIK"
4;"2015-04-29";50;0;0;0;"BAIK"
2;"2015-04-30";40;0;28;51;"SEDANG"
2;"2015-05-01";57;0;33;105;"TIDAK SEHAT"
2;"2015-05-02";74;0;53;99;"SEDANG"
3;"2015-05-03";16;0;31;96;"SEDANG"
4;"2015-05-04";55;0;31;71;"SEDANG"
2;"2015-05-05";73;0;61;51;"SEDANG"
2;"2015-05-06";79;0;43;40;"SEDANG"
3;"2015-05-07";15;0;28;67;"SEDANG"
4;"2015-05-08";72;0;15;53;"SEDANG"
2;"2015-05-09";81;0;36;83;"SEDANG"
2;"2015-05-10";56;0;28;76;"SEDANG"
4;"2015-05-11";65;0;15;0;"SEDANG"
2;"2015-05-12";77;0;33;45;"SEDANG"
4;"2015-05-13";75;0;23;63;"SEDANG"
4;"2015-05-14";67;0;17;0;"SEDANG"
5;"2015-05-15";12;0;0;51;"SEDANG"
4;"2015-05-16";67;0;13;92;"SEDANG"
4;"2015-05-17";67;0;0;0;"SEDANG"
3;"2015-05-18";13;0;32;77;"SEDANG"
3;"2015-05-19";25;0;31;105;"TIDAK SEHAT"
3;"2015-05-20";24;0;30;97;"SEDANG"
4;"2015-05-21";87;0;0;25;"SEDANG"
5;"2015-05-22";35;0;22;90;"SEDANG"
4;"2015-05-23";93;0;0;36;"SEDANG"
4;"2015-05-24";87;0;16;29;"SEDANG"
3;"2015-05-25";12;0;29;83;"SEDANG"
3;"2015-05-26";22;0;41;85;"SEDANG"
4;"2015-05-27";96;0;0;42;"SEDANG"
4;"2015-05-28";69;0;0;0;"SEDANG"
1;"2015-05-29";64;0;23;0;"SEDANG"
2;"2015-05-30";74;0;27;56;"SEDANG"
3;"2015-05-31";12;0;53;83;"SEDANG"
2;"2015-06-01";74;0;27;49;"SEDANG"
4;"2015-06-02";89;0;0;42;"SEDANG"
3;"2015-06-03";12;0;30;84;"SEDANG"
4;"2015-06-04";79;0;0;31;"SEDANG"
4;"2015-06-05";63;0;0;34;"SEDANG"
4;"2015-06-06";79;0;11;59;"SEDANG"
4;"2015-06-07";86;0;11;45;"SEDANG"
4;"2015-06-08";85;0;15;35;"SEDANG"
4;"2015-06-09";91;0;13;33;"SEDANG"
5;"2015-06-10";0;0;43;93;"SEDANG"
3;"2015-06-11";45;0;41;90;"SEDANG"
2;"2015-06-12";72;0;43;107;"TIDAK SEHAT"
5;"2015-06-13";0;0;26;94;"SEDANG"
3;"2015-06-14";51;0;37;113;"TIDAK SEHAT"
3;"2015-06-15";53;0;34;108;"TIDAK SEHAT"
3;"2015-06-16";75;0;47;115;"TIDAK SEHAT"
4;"2015-06-17";115;0;12;66;"TIDAK SEHAT"
4;"2015-06-18";83;0;7;56;"SEDANG"
2;"2015-06-19";78;0;27;87;"SEDANG"
4;"2015-06-20";79;0;7;77;"SEDANG"
2;"2015-06-21";76;0;28;99;"SEDANG"
4;"2015-06-22";98;0;8;65;"SEDANG"
4;"2015-06-23";109;0;9;73;"TIDAK SEHAT"
3;"2015-06-24";43;0;29;94;"SEDANG"
5;"2015-06-25";101;0;37;0;"TIDAK SEHAT"
5;"2015-06-26";114;0;0;0;"TIDAK SEHAT"
5;"2015-06-27";105;0;0;0;"TIDAK SEHAT"
2;"2015-06-28";67;0;26;84;"SEDANG"
4;"2015-06-29";94;0;10;101;"TIDAK SEHAT"
3;"2015-06-30";28;0;33;101;"TIDAK SEHAT"
4;"2015-07-01";83;0;7;86;"SEDANG"
4;"2015-07-02";86;0;10;93;"SEDANG"
5;"2015-07-03";75;0;19;99;"SEDANG"
3;"2015-07-04";21;0;22;94;"SEDANG"
5;"2015-07-05";114;0;46;87;"TIDAK SEHAT"
3;"2015-07-06";26;0;23;95;"SEDANG"
3;"2015-07-07";26;0;21;123;"TIDAK SEHAT"
3;"2015-07-08";17;0;23;109;"TIDAK SEHAT"
3;"2015-07-09";14;0;20;95;"SEDANG"
3;"2015-07-10";23;0;21;86;"SEDANG"
3;"2015-07-11";20;0;22;77;"SEDANG"
3;"2015-07-12";20;0;21;64;"SEDANG"
5;"2015-07-13";60;0;11;29;"SEDANG"
4;"2015-07-14";70;0;6;31;"SEDANG"
5;"2015-07-15";60;0;14;27;"SEDANG"
4;"2015-07-16";55;0;4;41;"SEDANG"
4;"2015-07-17";56;0;5;0;"SEDANG"
3;"2015-07-18";17;0;18;58;"SEDANG"
3;"2015-07-19";15;0;21;56;"SEDANG"
3;"2015-07-20";16;0;19;61;"SEDANG"
4;"2015-07-21";72;0;5;0;"SEDANG"
4;"2015-07-22";62;0;5;0;"SEDANG"
4;"2015-07-23";63;0;5;0;"SEDANG"
4;"2015-07-24";59;0;4;0;"SEDANG"
3;"2015-07-25";12;0;23;79;"SEDANG"
4;"2015-07-26";110;0;8;0;"TIDAK SEHAT"
3;"2015-07-27";19;0;26;82;"SEDANG"
3;"2015-07-28";18;0;26;66;"SEDANG"
4;"2015-07-29";71;0;6;0;"SEDANG"
4;"2015-07-30";80;0;7;0;"SEDANG"
3;"2015-07-31";13;0;23;82;"SEDANG"
3;"2015-08-01";13;0;28;91;"SEDANG"
3;"2015-08-02";17;0;28;94;"SEDANG"
3;"2015-08-03";12;0;20;69;"SEDANG"
4;"2015-08-04";101;0;12;75;"TIDAK SEHAT"
4;"2015-08-05";91;0;8;57;"SEDANG"
4;"2015-08-06";86;0;8;56;"SEDANG"
3;"2015-08-07";23;0;18;88;"SEDANG"
3;"2015-08-08";17;0;22;95;"SEDANG"
4;"2015-08-09";76;0;7;45;"SEDANG"
4;"2015-08-10";68;0;6;44;"SEDANG"
4;"2015-08-11";75;0;7;45;"SEDANG"
3;"2015-08-12";11;0;21;74;"SEDANG"
4;"2015-08-13";92;0;13;43;"SEDANG"
4;"2015-08-14";65;0;6;32;"SEDANG"
3;"2015-08-15";11;0;22;75;"SEDANG"
4;"2015-08-16";69;0;5;0;"SEDANG"
3;"2015-08-17";9;0;18;77;"SEDANG"
3;"2015-08-18";11;0;18;79;"SEDANG"
4;"2015-08-19";88;0;6;0;"SEDANG"
4;"2015-08-20";94;0;8;0;"SEDANG"
3;"2015-08-21";15;0;19;98;"SEDANG"
3;"2015-08-22";11;0;15;96;"SEDANG"
4;"2015-08-23";97;0;7;0;"SEDANG"
4;"2015-08-24";87;0;7;0;"SEDANG"
3;"2015-08-25";19;0;25;102;"TIDAK SEHAT"
4;"2015-08-26";110;0;7;62;"TIDAK SEHAT"
4;"2015-08-27";97;0;7;49;"SEDANG"
4;"2015-08-28";88;0;6;47;"SEDANG"
3;"2015-08-29";13;0;26;100;"SEDANG"
4;"2015-08-30";80;0;5;56;"SEDANG"
2;"2015-08-31";0;0;10;105;"TIDAK SEHAT"
4;"2015-09-01";78;0;6;58;"SEDANG"
4;"2015-09-02";86;0;10;55;"SEDANG"
4;"2015-09-03";101;0;9;47;"TIDAK SEHAT"
4;"2015-09-04";89;0;7;46;"SEDANG"
4;"2015-09-05";80;0;5;64;"SEDANG"
4;"2015-09-06";89;0;7;59;"SEDANG"
3;"2015-09-07";28;0;20;83;"SEDANG"
3;"2015-09-08";35;0;24;102;"TIDAK SEHAT"
3;"2015-09-09";36;0;26;96;"SEDANG"
3;"2015-09-10";40;0;31;99;"SEDANG"
3;"2015-09-11";32;0;20;79;"SEDANG"
3;"2015-09-12";36;0;20;78;"SEDANG"
2;"2015-09-13";59;0;9;87;"SEDANG"
2;"2015-09-14";70;0;14;114;"TIDAK SEHAT"
3;"2015-09-15";33;0;18;91;"SEDANG"
4;"2015-09-16";76;0;5;49;"SEDANG"
4;"2015-09-17";96;0;7;56;"SEDANG"
4;"2015-09-18";94;0;6;50;"SEDANG"
4;"2015-09-19";100;0;6;44;"SEDANG"
4;"2015-09-20";116;0;7;51;"TIDAK SEHAT"
3;"2015-09-21";28;0;27;120;"TIDAK SEHAT"
4;"2015-09-22";114;0;9;67;"TIDAK SEHAT"
4;"2015-09-23";93;0;13;76;"SEDANG"
4;"2015-09-24";98;0;11;75;"SEDANG"
3;"2015-09-25";25;0;19;91;"SEDANG"
1;"2015-09-26";77;0;21;39;"SEDANG"
4;"2015-09-27";80;0;7;42;"SEDANG"
3;"2015-09-28";21;0;23;94;"SEDANG"
4;"2015-09-29";105;0;9;42;"TIDAK SEHAT"
4;"2015-09-30";92;0;5;45;"SEDANG"
4;"2015-10-01";121;0;14;59;"TIDAK SEHAT"
4;"2015-10-02";107;0;9;46;"TIDAK SEHAT"
4;"2015-10-03";108;0;7;45;"TIDAK SEHAT"
4;"2015-10-04";121;0;5;48;"TIDAK SEHAT"
4;"2015-10-05";86;0;4;51;"SEDANG"
3;"2015-10-06";12;0;25;95;"SEDANG"
3;"2015-10-07";5;0;31;97;"SEDANG"
3;"2015-10-08";12;0;25;97;"SEDANG"
4;"2015-10-09";79;0;5;54;"SEDANG"
4;"2015-10-10";80;0;7;55;"SEDANG"
4;"2015-10-11";87;0;8;46;"SEDANG"
3;"2015-10-12";6;0;26;92;"SEDANG"
3;"2015-10-13";13;0;25;80;"SEDANG"
3;"2015-10-14";13;0;35;82;"SEDANG"
4;"2015-10-15";89;0;11;35;"SEDANG"
3;"2015-10-16";16;0;27;73;"SEDANG"
5;"2015-10-17";78;0;38;53;"SEDANG"
3;"2015-10-18";13;0;44;108;"TIDAK SEHAT"
3;"2015-10-19";8;0;35;104;"TIDAK SEHAT"
4;"2015-10-20";100;0;7;74;"SEDANG"
4;"2015-10-21";112;0;10;55;"TIDAK SEHAT"
4;"2015-10-22";79;0;2;60;"SEDANG"
4;"2015-10-23";93;0;7;0;"SEDANG"
4;"2015-10-24";122;0;8;0;"TIDAK SEHAT"
4;"2015-10-25";116;0;2;0;"TIDAK SEHAT"
4;"2015-10-26";121;0;5;0;"TIDAK SEHAT"
3;"2015-10-27";18;0;34;123;"TIDAK SEHAT"
4;"2015-10-28";100;0;4;65;"SEDANG"
3;"2015-10-29";19;0;34;94;"SEDANG"
4;"2015-10-30";92;0;5;70;"SEDANG"
5;"2015-10-31";77;0;27;120;"TIDAK SEHAT"
3;"2015-11-01";5;0;28;119;"TIDAK SEHAT"
2;"2015-11-02";82;0;23;91;"SEDANG"
3;"2015-11-03";9;0;25;117;"TIDAK SEHAT"
3;"2015-11-04";8;0;24;84;"SEDANG"
3;"2015-11-05";4;0;34;89;"SEDANG"
3;"2015-11-06";10;0;27;103;"TIDAK SEHAT"
4;"2015-11-07";90;0;4;36;"SEDANG"
3;"2015-11-08";4;0;52;81;"SEDANG"
3;"2015-11-09";13;0;29;112;"TIDAK SEHAT"
3;"2015-11-10";53;0;25;105;"TIDAK SEHAT"
2;"2015-11-11";82;0;26;91;"SEDANG"
3;"2015-11-12";73;0;34;108;"TIDAK SEHAT"
3;"2015-11-13";0;0;23;74;"SEDANG"
3;"2015-11-14";0;0;25;73;"SEDANG"
2;"2015-11-15";73;0;15;39;"SEDANG"
2;"2015-11-16";53;0;15;89;"SEDANG"
2;"2015-11-17";51;0;17;87;"SEDANG"
4;"2015-11-18";74;0;0;51;"SEDANG"
5;"2015-11-19";71;0;19;0;"SEDANG"
3;"2015-11-20";0;0;23;81;"SEDANG"
2;"2015-11-21";74;0;41;86;"SEDANG"
2;"2015-11-22";64;0;20;88;"SEDANG"
2;"2015-11-23";70;0;22;79;"SEDANG"
2;"2015-11-24";61;0;21;77;"SEDANG"
3;"2015-11-25";0;0;29;100;"SEDANG"
3;"2015-11-26";0;0;27;117;"TIDAK SEHAT"
2;"2015-11-27";56;0;17;85;"SEDANG"
5;"2015-11-28";73;0;16;143;"TIDAK SEHAT"
2;"2015-11-29";63;0;26;98;"SEDANG"
2;"2015-11-30";66;0;29;105;"TIDAK SEHAT"
3;"2015-12-01";0;0;37;106;"TIDAK SEHAT"
2;"2015-12-02";42;0;24;111;"TIDAK SEHAT"
3;"2015-12-03";57;0;32;82;"SEDANG"
3;"2015-12-04";0;0;30;84;"SEDANG"
3;"2015-12-05";0;0;36;103;"TIDAK SEHAT"
4;"2015-12-06";67;0;0;79;"SEDANG"
3;"2015-12-07";0;0;31;63;"SEDANG"
2;"2015-12-08";70;0;14;57;"SEDANG"
2;"2015-12-09";55;0;31;65;"SEDANG"
3;"2015-12-10";0;0;22;85;"SEDANG"
2;"2015-12-11";60;0;18;85;"SEDANG"
2;"2015-12-12";57;0;18;90;"SEDANG"
2;"2015-12-13";60;0;25;61;"SEDANG"
2;"2015-12-14";34;0;14;40;"BAIK"
2;"2015-12-15";28;0;11;42;"BAIK"
2;"2015-12-16";31;0;14;44;"BAIK"
1;"2015-12-17";39;0;15;20;"BAIK"
1;"2015-12-18";46;0;13;24;"BAIK"
4;"2015-12-19";37;0;0;75;"SEDANG"
4;"2015-12-20";0;0;2;97;"SEDANG"
1;"2015-12-21";37;0;11;27;"BAIK"
1;"2015-12-22";48;0;9;24;"BAIK"
1;"2015-12-23";41;0;10;21;"BAIK"
5;"2015-12-24";44;0;11;23;"BAIK"
2;"2015-12-25";29;0;10;52;"SEDANG"
3;"2015-12-26";0;0;30;46;"BAIK"
5;"2015-12-27";53;0;14;46;"SEDANG"
5;"2015-12-28";55;0;10;36;"SEDANG"
5;"2015-12-29";61;0;0;30;"SEDANG"
1;"2015-12-30";55;0;15;23;"SEDANG"
2;"2015-12-31";24;0;11;51;"SEDANG"
4;"2016-01-01";72;0;12;37;"SEDANG"
1;"2016-01-02";52;0;0;33;"SEDANG"
3;"2016-01-03";0;0;33;50;"BAIK"
2;"2016-01-04";61;0;21;103;"TIDAK SEHAT"
4;"2016-01-05";99;0;24;55;"SEDANG"
4;"2016-01-06";75;0;9;32;"SEDANG"
4;"2016-01-07";75;0;8;41;"SEDANG"
2;"2016-01-08";50;0;10;62;"SEDANG"
4;"2016-01-09";77;0;8;36;"SEDANG"
2;"2016-01-10";57;0;16;86;"SEDANG"
2;"2016-01-11";59;0;26;93;"SEDANG"
4;"2016-01-12";72;0;11;40;"SEDANG"
5;"2016-01-13";65;0;36;32;"SEDANG"
2;"2016-01-14";59;0;17;53;"SEDANG"
4;"2016-01-15";68;0;21;39;"SEDANG"
1;"2016-01-16";59;0;26;95;"SEDANG"
1;"2016-01-17";58;0;19;149;"TIDAK SEHAT"
2;"2016-01-18";79;0;29;107;"TIDAK SEHAT"
3;"2016-01-19";59;0;31;83;"SEDANG"
1;"2016-01-20";54;0;33;69;"SEDANG"
3;"2016-01-21";54;0;35;73;"SEDANG"
4;"2016-01-22";79;0;15;0;"SEDANG"
4;"2016-01-23";55;0;17;0;"SEDANG"
1;"2016-01-24";55;0;38;48;"SEDANG"
1;"2016-01-25";33;0;32;49;"BAIK"
1;"2016-01-26";61;0;40;54;"SEDANG"
3;"2016-01-27";70;0;58;81;"SEDANG"
1;"2016-01-28";58;0;30;77;"SEDANG"
2;"2016-01-29";55;0;29;83;"SEDANG"
4;"2016-01-30";80;0;0;0;"SEDANG"
4;"2016-01-31";80;0;0;0;"SEDANG"
4;"2016-02-01";71;0;0;0;"SEDANG"
4;"2016-02-02";52;0;7;38;"SEDANG"
2;"2016-02-03";36;0;27;57;"SEDANG"
4;"2016-02-04";68;0;12;56;"SEDANG"
4;"2016-02-05";61;0;12;57;"SEDANG"
2;"2016-02-06";63;0;28;87;"SEDANG"
4;"2016-02-07";64;0;19;46;"SEDANG"
3;"2016-02-08";49;0;26;43;"BAIK"
1;"2016-02-09";20;0;13;53;"SEDANG"
5;"2016-02-10";17;0;0;44;"BAIK"
5;"2016-02-11";39;0;51;65;"SEDANG"
5;"2016-02-12";28;0;40;52;"SEDANG"
5;"2016-02-13";48;0;99;114;"TIDAK SEHAT"
5;"2016-02-14";50;0;54;96;"SEDANG"
2;"2016-02-15";55;0;29;63;"SEDANG"
4;"2016-02-16";84;0;14;0;"SEDANG"
4;"2016-02-17";71;0;11;18;"SEDANG"
5;"2016-02-18";63;0;72;65;"SEDANG"
5;"2016-02-19";38;0;56;85;"SEDANG"
3;"2016-02-20";78;0;31;52;"SEDANG"
4;"2016-02-21";83;0;11;26;"SEDANG"
4;"2016-02-22";65;0;7;30;"SEDANG"
5;"2016-02-23";25;0;39;79;"SEDANG"
4;"2016-02-24";66;0;9;25;"SEDANG"
5;"2016-02-25";6;0;31;62;"SEDANG"
5;"2016-02-26";3;0;31;57;"SEDANG"
5;"2016-02-27";4;0;37;57;"SEDANG"
5;"2016-02-28";0;0;26;70;"SEDANG"
5;"2016-02-29";0;0;30;60;"SEDANG"
5;"2016-03-01";22;0;24;59;"SEDANG"
3;"2016-03-02";52;0;26;40;"SEDANG"
5;"2016-03-03";46;0;54;52;"SEDANG"
3;"2016-03-04";68;0;40;41;"SEDANG"
5;"2016-03-05";48;0;30;58;"SEDANG"
4;"2016-03-06";80;0;16;63;"SEDANG"
3;"2016-03-07";52;0;16;102;"TIDAK SEHAT"
3;"2016-03-08";52;0;15;81;"SEDANG"
3;"2016-03-09";58;0;24;99;"SEDANG"
3;"2016-03-10";54;0;22;133;"TIDAK SEHAT"
5;"2016-03-11";55;0;31;98;"SEDANG"
2;"2016-03-12";59;0;33;109;"TIDAK SEHAT"
3;"2016-03-13";56;0;16;78;"SEDANG"
4;"2016-03-14";74;0;17;50;"SEDANG"
2;"2016-03-15";71;0;31;173;"TIDAK SEHAT"
2;"2016-03-16";60;0;40;119;"TIDAK SEHAT"
2;"2016-03-17";54;0;24;120;"TIDAK SEHAT"
5;"2016-03-18";55;0;44;61;"SEDANG"
2;"2016-03-19";53;0;25;91;"SEDANG"
2;"2016-03-20";50;0;23;91;"SEDANG"
4;"2016-03-21";66;0;12;24;"SEDANG"
5;"2016-03-22";76;0;45;71;"SEDANG"
2;"2016-03-23";30;0;21;74;"SEDANG"
2;"2016-03-24";49;0;27;122;"TIDAK SEHAT"
2;"2016-03-25";72;0;28;136;"TIDAK SEHAT"
3;"2016-03-26";57;0;23;128;"TIDAK SEHAT"
3;"2016-03-27";58;0;25;88;"SEDANG"
3;"2016-03-28";60;0;25;63;"SEDANG"
3;"2016-03-29";58;0;18;93;"SEDANG"
5;"2016-03-30";74;0;50;63;"SEDANG"
4;"2016-03-31";81;0;10;26;"SEDANG"
3;"2016-04-01";69;0;32;84;"SEDANG"
3;"2016-04-02";45;0;15;102;"TIDAK SEHAT"
5;"2016-04-03";47;0;48;80;"SEDANG"
3;"2016-04-04";38;0;12;66;"SEDANG"
3;"2016-04-05";44;0;14;66;"SEDANG"
3;"2016-04-06";55;0;17;98;"SEDANG"
3;"2016-04-07";53;0;20;77;"SEDANG"
4;"2016-04-08";65;0;10;24;"SEDANG"
2;"2016-04-09";46;0;23;94;"SEDANG"
3;"2016-04-10";57;0;17;76;"SEDANG"
3;"2016-04-11";70;0;25;139;"TIDAK SEHAT"
4;"2016-04-12";99;0;12;22;"SEDANG"
4;"2016-04-13";71;0;9;34;"SEDANG"
2;"2016-04-14";73;0;39;123;"TIDAK SEHAT"
2;"2016-04-15";57;0;33;117;"TIDAK SEHAT"
5;"2016-04-16";69;0;58;78;"SEDANG"
3;"2016-04-17";56;0;21;78;"SEDANG"
5;"2016-04-18";39;0;47;93;"SEDANG"
5;"2016-04-19";54;0;46;80;"SEDANG"
3;"2016-04-20";39;0;17;99;"SEDANG"
5;"2016-04-21";51;0;51;135;"TIDAK SEHAT"
3;"2016-04-22";0;0;16;69;"SEDANG"
5;"2016-04-23";46;0;32;65;"SEDANG"
2;"2016-04-24";63;0;20;42;"SEDANG"
5;"2016-04-25";54;0;42;66;"SEDANG"
1;"2016-04-26";71;0;30;13;"SEDANG"
3;"2016-04-27";59;0;18;76;"SEDANG"
5;"2016-04-28";58;0;47;82;"SEDANG"
5;"2016-04-29";47;0;39;74;"SEDANG"
4;"2016-04-30";71;0;21;39;"SEDANG"
5;"2016-05-01";57;0;69;62;"SEDANG"
5;"2016-05-02";52;0;49;66;"SEDANG"
4;"2016-05-03";70;0;18;28;"SEDANG"
3;"2016-05-04";78;0;47;54;"SEDANG"
4;"2016-05-05";63;0;24;17;"SEDANG"
3;"2016-05-06";79;0;43;128;"TIDAK SEHAT"
2;"2016-05-07";62;0;27;93;"SEDANG"
2;"2016-05-08";74;0;44;84;"SEDANG"
2;"2016-05-09";63;0;30;145;"TIDAK SEHAT"
3;"2016-05-10";67;0;23;86;"SEDANG"
3;"2016-05-11";56;0;19;84;"SEDANG"
4;"2016-05-12";88;0;27;73;"SEDANG"
5;"2016-05-13";41;0;45;94;"SEDANG"
5;"2016-05-14";5;0;39;104;"TIDAK SEHAT"
5;"2016-05-15";2;0;46;73;"SEDANG"
5;"2016-05-16";33;0;39;92;"SEDANG"
2;"2016-05-17";78;0;29;83;"SEDANG"
2;"2016-05-18";78;0;34;42;"SEDANG"
3;"2016-05-19";60;0;24;155;"TIDAK SEHAT"
5;"2016-05-20";62;0;43;90;"SEDANG"
5;"2016-05-21";51;0;37;81;"SEDANG"
5;"2016-05-22";57;0;53;109;"TIDAK SEHAT"
3;"2016-05-23";54;0;19;118;"TIDAK SEHAT"
5;"2016-05-24";63;0;55;91;"SEDANG"
5;"2016-05-25";44;0;47;82;"SEDANG"
2;"2016-05-26";91;0;27;47;"SEDANG"
2;"2016-05-27";89;0;31;61;"SEDANG"
2;"2016-05-28";94;0;39;77;"SEDANG"
4;"2016-05-29";61;0;16;31;"SEDANG"
5;"2016-05-30";55;0;56;79;"SEDANG"
5;"2016-05-31";53;0;46;101;"TIDAK SEHAT"
2;"2016-06-01";75;0;28;119;"TIDAK SEHAT"
5;"2016-06-02";55;0;81;46;"SEDANG"
2;"2016-06-03";48;0;22;140;"TIDAK SEHAT"
2;"2016-06-04";88;0;36;81;"SEDANG"
4;"2016-06-05";84;0;49;52;"SEDANG"
5;"2016-06-06";78;0;71;113;"TIDAK SEHAT"
2;"2016-06-07";77;0;41;46;"SEDANG"
3;"2016-06-08";33;0;10;114;"TIDAK SEHAT"
2;"2016-06-09";51;0;26;59;"SEDANG"
5;"2016-06-10";63;0;73;45;"SEDANG"
3;"2016-06-11";54;0;16;68;"SEDANG"
5;"2016-06-12";61;0;58;114;"TIDAK SEHAT"
3;"2016-06-13";61;0;19;129;"TIDAK SEHAT"
3;"2016-06-14";62;0;16;85;"SEDANG"
3;"2016-06-15";59;0;20;81;"SEDANG"
4;"2016-06-16";65;0;33;41;"SEDANG"
3;"2016-06-17";58;0;16;69;"SEDANG"
5;"2016-06-18";34;0;44;24;"BAIK"
4;"2016-06-19";53;0;44;126;"TIDAK SEHAT"
3;"2016-06-20";0;0;35;113;"TIDAK SEHAT"
5;"2016-06-21";60;0;52;125;"TIDAK SEHAT"
3;"2016-06-22";0;0;15;127;"TIDAK SEHAT"
2;"2016-06-23";71;0;24;108;"TIDAK SEHAT"
5;"2016-06-24";31;0;49;119;"TIDAK SEHAT"
3;"2016-06-25";0;0;18;109;"TIDAK SEHAT"
1;"2016-06-26";83;0;32;25;"SEDANG"
2;"2016-06-27";63;0;28;73;"SEDANG"
3;"2016-06-28";0;0;26;137;"TIDAK SEHAT"
5;"2016-06-29";66;0;53;100;"SEDANG"
3;"2016-06-30";57;0;26;78;"SEDANG"
5;"2016-07-01";59;0;68;104;"TIDAK SEHAT"
2;"2016-07-02";68;0;32;104;"TIDAK SEHAT"
3;"2016-07-03";59;0;20;70;"SEDANG"
3;"2016-07-04";31;0;18;55;"SEDANG"
3;"2016-07-05";52;0;19;68;"SEDANG"
3;"2016-07-06";60;0;38;66;"SEDANG"
3;"2016-07-07";50;0;10;64;"SEDANG"
5;"2016-07-08";35;0;31;65;"SEDANG"
5;"2016-07-09";56;0;40;73;"SEDANG"
5;"2016-07-10";61;0;42;68;"SEDANG"
3;"2016-07-11";73;0;25;54;"SEDANG"
2;"2016-07-12";32;0;19;76;"SEDANG"
5;"2016-07-13";62;0;56;90;"SEDANG"
4;"2016-07-14";86;0;37;40;"SEDANG"
4;"2016-07-15";62;0;11;31;"SEDANG"
4;"2016-07-16";56;0;12;31;"SEDANG"
3;"2016-07-17";58;0;29;71;"SEDANG"
4;"2016-07-18";0;0;27;134;"TIDAK SEHAT"
3;"2016-07-19";52;0;23;115;"TIDAK SEHAT"
5;"2016-07-20";38;0;43;81;"SEDANG"
4;"2016-07-21";69;0;20;97;"SEDANG"
2;"2016-07-22";73;0;25;49;"SEDANG"
3;"2016-07-23";50;0;27;87;"SEDANG"
5;"2016-07-24";62;0;59;103;"TIDAK SEHAT"
3;"2016-07-25";36;0;18;96;"SEDANG"
2;"2016-07-26";53;0;31;173;"TIDAK SEHAT"
3;"2016-07-27";55;0;14;146;"TIDAK SEHAT"
4;"2016-07-28";81;0;14;62;"SEDANG"
3;"2016-07-29";64;0;20;106;"TIDAK SEHAT"
5;"2016-07-30";55;0;51;119;"TIDAK SEHAT"
3;"2016-07-31";54;0;18;106;"TIDAK SEHAT"
3;"2016-08-01";55;0;12;100;"SEDANG"
2;"2016-08-02";41;0;22;131;"TIDAK SEHAT"
5;"2016-08-03";50;0;41;136;"TIDAK SEHAT"
2;"2016-08-04";59;0;29;133;"TIDAK SEHAT"
3;"2016-08-05";70;0;22;108;"TIDAK SEHAT"
3;"2016-08-06";72;0;18;87;"SEDANG"
2;"2016-08-07";54;0;22;119;"TIDAK SEHAT"
5;"2016-08-08";54;0;35;77;"SEDANG"
3;"2016-08-09";37;0;16;63;"SEDANG"
5;"2016-08-10";54;0;45;102;"TIDAK SEHAT"
3;"2016-08-11";57;0;17;88;"SEDANG"
3;"2016-08-12";59;0;16;119;"TIDAK SEHAT"
3;"2016-08-13";59;0;14;103;"TIDAK SEHAT"
3;"2016-08-14";50;0;12;72;"SEDANG"
5;"2016-08-15";34;0;45;121;"TIDAK SEHAT"
3;"2016-08-16";72;0;21;107;"TIDAK SEHAT"
3;"2016-08-17";86;0;28;55;"SEDANG"
5;"2016-08-18";50;0;47;77;"SEDANG"
4;"2016-08-19";65;0;22;83;"SEDANG"
3;"2016-08-20";49;0;15;115;"TIDAK SEHAT"
3;"2016-08-21";52;0;12;88;"SEDANG"
5;"2016-08-22";52;0;38;83;"SEDANG"
2;"2016-08-23";48;0;22;176;"TIDAK SEHAT"
2;"2016-08-24";36;0;19;101;"TIDAK SEHAT"
2;"2016-08-25";70;0;26;133;"TIDAK SEHAT"
5;"2016-08-26";58;0;44;103;"TIDAK SEHAT"
4;"2016-08-27";79;0;16;0;"SEDANG"
3;"2016-08-28";57;0;26;78;"SEDANG"
5;"2016-08-29";80;0;76;66;"SEDANG"
3;"2016-08-30";70;0;23;111;"TIDAK SEHAT"
5;"2016-08-31";72;0;79;57;"SEDANG"
3;"2016-09-01";55;0;14;85;"SEDANG"
3;"2016-09-02";55;0;21;141;"TIDAK SEHAT"
5;"2016-09-03";66;0;61;94;"SEDANG"
4;"2016-09-04";73;0;17;52;"SEDANG"
3;"2016-09-05";62;0;17;22;"SEDANG"
4;"2016-09-06";66;0;23;53;"SEDANG"
5;"2016-09-07";53;0;43;62;"SEDANG"
5;"2016-09-08";46;0;36;125;"TIDAK SEHAT"
5;"2016-09-09";62;0;45;90;"SEDANG"
4;"2016-09-10";94;0;32;59;"SEDANG"
5;"2016-09-11";55;0;41;74;"SEDANG"
2;"2016-09-12";49;0;22;85;"SEDANG"
5;"2016-09-13";54;0;43;85;"SEDANG"
4;"2016-09-14";91;0;11;71;"SEDANG"
2;"2016-09-15";46;0;21;146;"TIDAK SEHAT"
2;"2016-09-16";86;0;34;67;"SEDANG"
2;"2016-09-17";50;0;23;69;"SEDANG"
2;"2016-09-18";46;0;24;96;"SEDANG"
5;"2016-09-19";57;0;52;64;"SEDANG"
2;"2016-09-20";59;0;36;87;"SEDANG"
4;"2016-09-21";58;0;11;69;"SEDANG"
4;"2016-09-22";43;0;21;60;"SEDANG"
4;"2016-09-23";51;0;16;57;"SEDANG"
3;"2016-09-24";56;0;12;18;"SEDANG"
2;"2016-09-25";55;0;31;71;"SEDANG"
2;"2016-09-26";42;0;22;69;"SEDANG"
2;"2016-09-27";59;0;28;95;"SEDANG"
4;"2016-09-28";59;0;15;62;"SEDANG"
3;"2016-09-29";54;0;13;96;"SEDANG"
3;"2016-09-30";51;0;19;58;"SEDANG"
2;"2016-10-01";51;0;28;62;"SEDANG"
3;"2016-10-02";54;0;10;40;"SEDANG"
5;"2016-10-03";27;0;32;137;"TIDAK SEHAT"
5;"2016-10-04";59;0;56;126;"TIDAK SEHAT"
2;"2016-10-05";59;0;45;203;"SANGAT TIDAK SEHAT"
2;"2016-10-06";51;0;27;157;"TIDAK SEHAT"
2;"2016-10-07";60;0;29;136;"TIDAK SEHAT"
2;"2016-10-08";47;0;26;82;"SEDANG"
2;"2016-10-09";52;0;31;100;"SEDANG"
2;"2016-10-10";62;0;32;100;"SEDANG"
5;"2016-10-11";58;0;56;72;"SEDANG"
1;"2016-10-12";71;0;37;16;"SEDANG"
4;"2016-10-13";74;0;23;63;"SEDANG"
5;"2016-10-14";57;0;83;28;"SEDANG"
3;"2016-10-15";36;0;13;62;"SEDANG"
3;"2016-10-16";52;0;14;60;"SEDANG"
3;"2016-10-17";54;0;13;122;"TIDAK SEHAT"
5;"2016-10-18";58;0;37;115;"TIDAK SEHAT"
3;"2016-10-19";54;0;9;80;"SEDANG"
5;"2016-10-20";64;0;42;95;"SEDANG"
2;"2016-10-21";65;0;28;105;"TIDAK SEHAT"
1;"2016-10-22";87;0;39;25;"SEDANG"
3;"2016-10-23";36;0;8;57;"SEDANG"
5;"2016-10-24";42;0;50;145;"TIDAK SEHAT"
3;"2016-10-25";56;0;26;100;"SEDANG"
3;"2016-10-26";51;0;12;133;"TIDAK SEHAT"
3;"2016-10-27";56;0;13;133;"TIDAK SEHAT"
2;"2016-10-28";53;0;29;120;"TIDAK SEHAT"
2;"2016-10-29";53;0;36;85;"SEDANG"
2;"2016-10-30";52;0;34;101;"TIDAK SEHAT"
2;"2016-10-31";39;0;22;119;"TIDAK SEHAT"
3;"2016-11-01";51;0;11;59;"SEDANG"
2;"2016-11-02";35;0;25;49;"BAIK"
2;"2016-11-03";37;0;21;73;"SEDANG"
2;"2016-11-04";61;0;27;126;"TIDAK SEHAT"
2;"2016-11-05";69;0;28;150;"TIDAK SEHAT"
5;"2016-11-06";87;0;65;172;"TIDAK SEHAT"
5;"2016-11-07";59;0;46;136;"TIDAK SEHAT"
2;"2016-11-08";65;0;25;75;"SEDANG"
2;"2016-11-09";58;0;22;143;"TIDAK SEHAT"
2;"2016-11-10";56;0;22;116;"TIDAK SEHAT"
2;"2016-11-11";70;0;28;123;"TIDAK SEHAT"
2;"2016-11-12";59;0;29;93;"SEDANG"
2;"2016-11-13";35;0;30;65;"SEDANG"
3;"2016-11-14";39;0;10;120;"TIDAK SEHAT"
2;"2016-11-15";40;0;28;77;"SEDANG"
3;"2016-11-16";42;0;20;139;"TIDAK SEHAT"
3;"2016-11-17";47;0;11;106;"TIDAK SEHAT"
4;"2016-11-18";74;0;23;48;"SEDANG"
5;"2016-11-19";12;0;56;81;"SEDANG"
5;"2016-11-20";11;0;40;63;"SEDANG"
2;"2016-11-21";50;0;25;65;"SEDANG"
5;"2016-11-22";26;0;42;121;"TIDAK SEHAT"
2;"2016-11-23";63;0;32;148;"TIDAK SEHAT"
2;"2016-11-24";65;0;33;82;"SEDANG"
3;"2016-11-25";51;0;11;34;"SEDANG"
3;"2016-11-26";63;0;15;86;"SEDANG"
4;"2016-11-27";93;0;41;50;"SEDANG"
4;"2016-11-28";82;0;26;45;"SEDANG"
4;"2016-11-29";42;0;17;70;"SEDANG"
3;"2016-11-30";66;0;13;60;"SEDANG"
4;"2016-12-01";65;0;23;28;"SEDANG"
2;"2016-12-02";23;0;17;43;"BAIK"
2;"2016-12-03";22;0;21;34;"BAIK"
1;"2016-12-04";38;0;17;7;"BAIK"
2;"2016-12-05";16;0;19;36;"BAIK"
3;"2016-12-06";27;0;8;42;"BAIK"
2;"2016-12-07";32;0;19;56;"SEDANG"
3;"2016-12-08";55;0;18;74;"SEDANG"
3;"2016-12-09";55;0;10;30;"SEDANG"
4;"2016-12-10";48;0;15;21;"BAIK"
3;"2016-12-11";35;0;10;50;"BAIK"
2;"2016-12-12";28;0;15;54;"SEDANG"
4;"2016-12-13";47;0;11;20;"BAIK"
2;"2016-12-14";38;0;8;53;"SEDANG"
5;"2016-12-15";0;0;53;17;"SEDANG"
2;"2016-12-16";27;0;9;39;"BAIK"
2;"2016-12-17";31;0;7;40;"BAIK"
2;"2016-12-18";29;0;16;48;"BAIK"
2;"2016-12-19";28;0;7;37;"BAIK"
2;"2016-12-20";22;0;5;34;"BAIK"
2;"2016-12-21";23;0;5;37;"BAIK"
2;"2016-12-22";22;0;6;34;"BAIK"
3;"2016-12-23";19;0;3;34;"BAIK"
2;"2016-12-24";20;0;4;39;"BAIK"
2;"2016-12-25";17;0;4;42;"BAIK"
5;"2016-12-26";0;0;39;66;"SEDANG"
5;"2016-12-27";0;0;34;54;"SEDANG"
2;"2016-12-28";28;0;5;41;"BAIK"
3;"2016-12-29";30;0;7;41;"BAIK"
3;"2016-12-30";66;0;17;41;"SEDANG"
2;"2016-12-31";45;0;13;59;"SEDANG"
3;"2017-01-01";73;0;19;33;"SEDANG"
5;"2017-01-02";0;0;33;44;"BAIK"
2;"2017-01-03";32;0;7;55;"SEDANG"
4;"2017-01-04";51;0;13;87;"SEDANG"
3;"2017-01-05";54;0;16;68;"SEDANG"
3;"2017-01-06";34;0;9;65;"SEDANG"
4;"2017-01-07";32;0;11;67;"SEDANG"
4;"2017-01-08";43;0;14;54;"SEDANG"
3;"2017-01-09";30;0;6;68;"SEDANG"
2;"2017-01-10";42;0;11;83;"SEDANG"
2;"2017-01-11";33;0;11;65;"SEDANG"
2;"2017-01-12";29;0;12;65;"SEDANG"
1;"2017-01-13";29;0;19;12;"BAIK"
1;"2017-01-14";22;0;17;13;"BAIK"
2;"2017-01-15";13;0;8;42;"BAIK"
2;"2017-01-16";17;0;7;34;"BAIK"
2;"2017-01-17";18;0;30;48;"BAIK"
3;"2017-01-18";26;0;7;30;"BAIK"
3;"2017-01-19";24;0;4;29;"BAIK"
2;"2017-01-20";22;0;5;30;"BAIK"
3;"2017-01-21";47;0;10;55;"SEDANG"
4;"2017-01-22";63;0;9;35;"SEDANG"
2;"2017-01-23";31;0;0;51;"SEDANG"
2;"2017-01-24";32;0;7;34;"BAIK"
2;"2017-01-25";26;0;7;34;"BAIK"
3;"2017-01-26";39;0;7;53;"SEDANG"
3;"2017-01-27";57;0;13;60;"SEDANG"
2;"2017-01-28";26;0;9;49;"BAIK"
2;"2017-01-29";31;0;5;48;"BAIK"
3;"2017-01-30";30;0;14;54;"SEDANG"
5;"2017-01-31";6;0;26;42;"BAIK"
3;"2017-02-01";26;0;9;44;"BAIK"
1;"2017-02-02";49;0;23;41;"BAIK"
1;"2017-02-03";53;0;28;34;"SEDANG"
2;"2017-02-04";20;0;9;38;"BAIK"
1;"2017-02-05";22;0;15;37;"BAIK"
2;"2017-02-06";22;0;6;34;"BAIK"
1;"2017-02-07";39;0;20;22;"BAIK"
3;"2017-02-08";26;0;4;33;"BAIK"
1;"2017-02-09";41;0;20;22;"BAIK"
2;"2017-02-10";28;0;11;44;"BAIK"
3;"2017-02-11";27;0;8;45;"BAIK"
2;"2017-02-12";25;0;5;44;"BAIK"
3;"2017-02-13";37;0;10;56;"SEDANG"
3;"2017-02-14";34;0;19;58;"SEDANG"
5;"2017-02-15";7;0;36;54;"SEDANG"
3;"2017-02-16";25;0;7;55;"SEDANG"
4;"2017-02-17";61;0;22;37;"SEDANG"
1;"2017-02-18";68;0;25;30;"SEDANG"
5;"2017-02-19";0;0;80;24;"SEDANG"
3;"2017-02-20";60;0;20;36;"SEDANG"
5;"2017-02-21";8;0;70;46;"SEDANG"
2;"2017-02-22";47;0;13;130;"TIDAK SEHAT"
4;"2017-02-23";54;0;18;114;"TIDAK SEHAT"
3;"2017-02-24";41;0;15;106;"TIDAK SEHAT"
2;"2017-02-25";39;0;15;90;"SEDANG"
3;"2017-02-26";39;0;14;123;"TIDAK SEHAT"
3;"2017-02-27";32;0;9;81;"SEDANG"
3;"2017-02-28";55;0;22;98;"SEDANG"
3;"2017-03-01";58;0;16;83;"SEDANG"
3;"2017-03-02";49;0;24;75;"SEDANG"
3;"2017-03-03";51;0;20;66;"SEDANG"
3;"2017-03-04";34;0;17;112;"TIDAK SEHAT"
3;"2017-03-05";48;0;16;107;"TIDAK SEHAT"
3;"2017-03-06";47;0;10;63;"SEDANG"
3;"2017-03-07";49;0;16;69;"SEDANG"
1;"2017-03-08";25;0;22;84;"SEDANG"
2;"2017-03-09";51;0;12;119;"TIDAK SEHAT"
3;"2017-03-10";68;0;21;81;"SEDANG"
3;"2017-03-11";61;0;19;120;"TIDAK SEHAT"
3;"2017-03-12";61;0;21;84;"SEDANG"
2;"2017-03-13";51;0;15;81;"SEDANG"
2;"2017-03-14";66;0;13;74;"SEDANG"
3;"2017-03-15";61;0;8;40;"SEDANG"
2;"2017-03-16";45;0;10;136;"TIDAK SEHAT"
5;"2017-03-17";61;0;40;99;"SEDANG"
2;"2017-03-18";50;0;20;64;"SEDANG"
2;"2017-03-19";47;0;16;84;"SEDANG"
2;"2017-03-20";32;0;11;48;"BAIK"
1;"2017-03-21";51;0;23;32;"SEDANG"
3;"2017-03-22";47;0;11;53;"SEDANG"
3;"2017-03-23";53;0;24;65;"SEDANG"
3;"2017-03-24";66;0;44;125;"TIDAK SEHAT"
3;"2017-03-25";58;0;15;73;"SEDANG"
4;"2017-03-26";66;0;39;47;"SEDANG"
3;"2017-03-27";50;0;13;83;"SEDANG"
2;"2017-03-28";68;0;18;85;"SEDANG"
2;"2017-03-29";54;0;21;77;"SEDANG"
4;"2017-03-30";45;0;14;48;"BAIK"
3;"2017-03-31";31;0;4;34;"BAIK"
2;"2017-04-01";39;0;12;110;"TIDAK SEHAT"
2;"2017-04-02";51;0;20;96;"SEDANG"
4;"2017-04-03";33;0;13;61;"SEDANG"
2;"2017-04-04";40;0;24;150;"TIDAK SEHAT"
4;"2017-04-05";53;0;30;41;"SEDANG"
1;"2017-04-06";33;0;16;6;"BAIK"
1;"2017-04-07";40;0;17;57;"SEDANG"
1;"2017-04-08";17;0;16;38;"BAIK"
3;"2017-04-09";23;0;6;31;"BAIK"
2;"2017-04-10";65;0;18;113;"TIDAK SEHAT"
2;"2017-04-11";66;0;14;132;"TIDAK SEHAT"
3;"2017-04-12";21;0;9;110;"TIDAK SEHAT"
3;"2017-04-13";21;0;9;108;"TIDAK SEHAT"
3;"2017-04-14";31;0;15;81;"SEDANG"
3;"2017-04-15";34;0;12;82;"SEDANG"
3;"2017-04-16";46;0;17;91;"SEDANG"
3;"2017-04-17";33;0;11;92;"SEDANG"
2;"2017-04-18";69;0;13;113;"TIDAK SEHAT"
5;"2017-04-19";63;0;60;139;"TIDAK SEHAT"
2;"2017-04-20";59;0;21;140;"TIDAK SEHAT"
5;"2017-04-21";62;0;38;127;"TIDAK SEHAT"
3;"2017-04-22";61;0;10;88;"SEDANG"
3;"2017-04-23";41;0;17;123;"TIDAK SEHAT"
3;"2017-04-24";46;0;8;95;"SEDANG"
4;"2017-04-25";93;0;18;38;"SEDANG"
4;"2017-04-26";57;0;6;36;"SEDANG"
1;"2017-04-27";61;0;33;82;"SEDANG"
2;"2017-04-28";52;0;16;88;"SEDANG"
4;"2017-04-29";54;0;9;28;"SEDANG"
2;"2017-04-30";56;0;17;139;"TIDAK SEHAT"
5;"2017-05-01";55;0;1;104;"TIDAK SEHAT"
3;"2017-05-02";39;0;16;85;"SEDANG"
3;"2017-05-03";52;0;27;112;"TIDAK SEHAT"
5;"2017-05-04";52;0;1;96;"SEDANG"
3;"2017-05-05";37;0;13;94;"SEDANG"
3;"2017-05-06";45;0;14;71;"SEDANG"
3;"2017-05-07";42;0;17;74;"SEDANG"
3;"2017-05-08";45;0;16;83;"SEDANG"
3;"2017-05-09";58;0;18;77;"SEDANG"
4;"2017-05-10";80;0;0;37;"SEDANG"
2;"2017-05-11";68;0;24;125;"TIDAK SEHAT"
3;"2017-05-12";87;0;18;117;"TIDAK SEHAT"
3;"2017-05-13";59;0;10;105;"TIDAK SEHAT"
3;"2017-05-14";60;0;9;92;"SEDANG"
3;"2017-05-15";66;0;13;115;"TIDAK SEHAT"
3;"2017-05-16";67;0;13;108;"TIDAK SEHAT"
4;"2017-05-17";102;0;15;0;"TIDAK SEHAT"
5;"2017-05-18";52;0;37;124;"TIDAK SEHAT"
5;"2017-05-19";69;0;61;126;"TIDAK SEHAT"
3;"2017-05-20";68;0;12;111;"TIDAK SEHAT"
3;"2017-05-21";61;0;9;89;"SEDANG"
3;"2017-05-22";59;0;7;98;"SEDANG"
5;"2017-05-23";52;0;36;109;"TIDAK SEHAT"
3;"2017-05-24";76;0;11;102;"TIDAK SEHAT"
4;"2017-05-25";95;0;7;0;"SEDANG"
2;"2017-05-26";72;0;15;151;"TIDAK SEHAT"
3;"2017-05-27";78;0;9;164;"TIDAK SEHAT"
3;"2017-05-28";61;0;6;79;"SEDANG"
4;"2017-05-29";63;0;13;0;"SEDANG"
4;"2017-05-30";62;0;18;0;"SEDANG"
1;"2017-05-31";56;0;17;26;"SEDANG"
1;"2017-06-01";41;0;20;23;"BAIK"
3;"2017-06-02";46;0;11;79;"SEDANG"
3;"2017-06-03";72;0;14;105;"TIDAK SEHAT"
3;"2017-06-04";65;0;13;95;"SEDANG"
3;"2017-06-05";57;0;9;98;"SEDANG"
3;"2017-06-06";49;0;6;84;"SEDANG"
3;"2017-06-07";54;0;6;95;"SEDANG"
4;"2017-06-08";68;0;15;0;"SEDANG"
3;"2017-06-09";58;0;8;75;"SEDANG"
3;"2017-06-10";58;0;8;86;"SEDANG"
3;"2017-06-11";104;0;15;62;"TIDAK SEHAT"
3;"2017-06-12";57;0;8;79;"SEDANG"
5;"2017-06-13";60;0;46;90;"SEDANG"
3;"2017-06-14";55;0;8;96;"SEDANG"
4;"2017-06-15";74;0;17;0;"SEDANG"
4;"2017-06-16";74;0;19;0;"SEDANG"
3;"2017-06-17";61;0;7;85;"SEDANG"
2;"2017-06-18";50;0;12;93;"SEDANG"
2;"2017-06-19";55;0;10;120;"TIDAK SEHAT"
2;"2017-06-20";54;0;6;140;"TIDAK SEHAT"
3;"2017-06-21";73;0;15;83;"SEDANG"
4;"2017-06-22";91;0;23;0;"SEDANG"
4;"2017-06-23";109;0;25;0;"TIDAK SEHAT"
4;"2017-06-24";60;0;13;0;"SEDANG"
4;"2017-06-25";66;0;29;0;"SEDANG"
4;"2017-06-26";22;0;8;29;"BAIK"
3;"2017-06-27";18;0;2;51;"SEDANG"
3;"2017-06-28";37;0;12;68;"SEDANG"
3;"2017-06-29";30;0;6;73;"SEDANG"
2;"2017-06-30";24;0;8;63;"SEDANG"
3;"2017-07-01";35;0;8;69;"SEDANG"
3;"2017-07-02";57;0;3;62;"SEDANG"
3;"2017-07-03";46;0;3;60;"SEDANG"
3;"2017-07-04";51;0;3;85;"SEDANG"
5;"2017-07-05";51;0;29;86;"SEDANG"
3;"2017-07-06";55;0;5;93;"SEDANG"
2;"2017-07-07";76;0;13;143;"TIDAK SEHAT"
2;"2017-07-08";83;0;25;108;"TIDAK SEHAT"
5;"2017-07-09";51;0;33;93;"SEDANG"
2;"2017-07-10";35;0;12;73;"SEDANG"
3;"2017-07-11";40;0;2;74;"SEDANG"
2;"2017-07-12";50;0;10;92;"SEDANG"
3;"2017-07-13";51;0;3;123;"TIDAK SEHAT"
3;"2017-07-14";62;0;4;143;"TIDAK SEHAT"
2;"2017-07-15";73;0;18;47;"SEDANG"
3;"2017-07-16";67;0;10;94;"SEDANG"
2;"2017-07-17";58;0;11;120;"TIDAK SEHAT"
3;"2017-07-18";65;0;14;114;"TIDAK SEHAT"
5;"2017-07-19";69;0;41;153;"TIDAK SEHAT"
3;"2017-07-20";68;0;4;122;"TIDAK SEHAT"
2;"2017-07-21";58;0;11;145;"TIDAK SEHAT"
3;"2017-07-22";54;0;4;155;"TIDAK SEHAT"
3;"2017-07-23";54;0;0;91;"SEDANG"
5;"2017-07-24";50;0;40;94;"SEDANG"
3;"2017-07-25";56;0;0;108;"TIDAK SEHAT"
3;"2017-07-26";57;0;4;94;"SEDANG"
5;"2017-07-27";55;0;38;118;"TIDAK SEHAT"
3;"2017-07-28";48;0;2;94;"SEDANG"
3;"2017-07-29";33;0;2;71;"SEDANG"
5;"2017-07-30";42;0;38;88;"SEDANG"
2;"2017-07-31";51;0;0;123;"TIDAK SEHAT"
2;"2017-08-01";57;0;9;76;"SEDANG"
3;"2017-08-02";49;0;4;94;"SEDANG"
5;"2017-08-03";36;0;33;107;"TIDAK SEHAT"
3;"2017-08-04";55;0;3;104;"TIDAK SEHAT"
3;"2017-08-05";69;0;5;94;"SEDANG"
3;"2017-08-06";66;0;2;116;"TIDAK SEHAT"
3;"2017-08-07";84;0;3;94;"SEDANG"
3;"2017-08-08";69;0;0;133;"TIDAK SEHAT"
2;"2017-08-09";68;0;19;153;"TIDAK SEHAT"
3;"2017-08-10";49;0;7;107;"TIDAK SEHAT"
3;"2017-08-11";57;0;23;128;"TIDAK SEHAT"
3;"2017-08-12";72;0;27;97;"SEDANG"
3;"2017-08-13";62;0;14;101;"TIDAK SEHAT"
1;"2017-08-14";58;0;25;118;"TIDAK SEHAT"
3;"2017-08-15";68;0;21;120;"TIDAK SEHAT"
3;"2017-08-16";59;0;15;134;"TIDAK SEHAT"
3;"2017-08-17";53;0;12;125;"TIDAK SEHAT"
3;"2017-08-18";61;0;12;129;"TIDAK SEHAT"
3;"2017-08-19";56;0;10;81;"SEDANG"
5;"2017-08-20";47;0;30;88;"SEDANG"
3;"2017-08-21";58;0;12;90;"SEDANG"
3;"2017-08-22";62;0;20;137;"TIDAK SEHAT"
4;"2017-08-23";101;0;19;51;"TIDAK SEHAT"
3;"2017-08-24";57;0;10;71;"SEDANG"
3;"2017-08-25";51;0;10;81;"SEDANG"
3;"2017-08-26";63;0;15;71;"SEDANG"
4;"2017-08-27";77;0;17;41;"SEDANG"
4;"2017-08-28";66;0;12;39;"SEDANG"
3;"2017-08-29";59;0;14;154;"TIDAK SEHAT"
3;"2017-08-30";52;0;13;85;"SEDANG"
3;"2017-08-31";58;0;14;82;"SEDANG"
3;"2017-09-01";56;0;11;76;"SEDANG"
3;"2017-09-02";53;0;10;92;"SEDANG"
4;"2017-09-03";107;0;19;57;"TIDAK SEHAT"
3;"2017-09-04";73;0;18;157;"TIDAK SEHAT"
2;"2017-09-05";57;0;8;92;"SEDANG"
3;"2017-09-06";46;0;14;88;"SEDANG"
3;"2017-09-07";68;0;30;74;"SEDANG"
3;"2017-09-08";64;0;14;79;"SEDANG"
3;"2017-09-09";59;0;14;96;"SEDANG"
2;"2017-09-10";53;0;9;99;"SEDANG"
1;"2017-09-11";56;0;20;95;"SEDANG"
3;"2017-09-12";57;0;13;107;"TIDAK SEHAT"
2;"2017-09-13";59;0;17;145;"TIDAK SEHAT"
3;"2017-09-14";72;0;20;140;"TIDAK SEHAT"
3;"2017-09-15";64;0;20;144;"TIDAK SEHAT"
4;"2017-09-16";75;0;16;57;"SEDANG"
1;"2017-09-17";53;0;15;78;"SEDANG"
3;"2017-09-18";55;0;13;72;"SEDANG"
3;"2017-09-19";67;0;13;88;"SEDANG"
3;"2017-09-20";57;0;11;121;"TIDAK SEHAT"
3;"2017-09-21";63;0;13;100;"SEDANG"
3;"2017-09-22";67;0;16;161;"TIDAK SEHAT"
1;"2017-09-23";63;0;21;137;"TIDAK SEHAT"
2;"2017-09-24";59;0;10;103;"TIDAK SEHAT"
3;"2017-09-25";50;0;12;109;"TIDAK SEHAT"
3;"2017-09-26";51;0;17;77;"SEDANG"
5;"2017-09-27";62;0;27;30;"SEDANG"
2;"2017-09-28";62;0;34;121;"TIDAK SEHAT"
3;"2017-09-29";61;0;18;132;"TIDAK SEHAT"
3;"2017-09-30";40;0;14;76;"SEDANG"
2;"2017-10-01";49;0;13;81;"SEDANG"
3;"2017-10-02";38;0;20;83;"SEDANG"
3;"2017-10-03";38;0;16;84;"SEDANG"
3;"2017-10-04";42;0;11;108;"TIDAK SEHAT"
3;"2017-10-05";53;0;17;77;"SEDANG"
3;"2017-10-06";53;0;15;87;"SEDANG"
3;"2017-10-07";52;0;15;134;"TIDAK SEHAT"
3;"2017-10-08";41;0;11;97;"SEDANG"
5;"2017-10-09";0;0;38;79;"SEDANG"
4;"2017-10-10";58;0;27;82;"SEDANG"
5;"2017-10-11";0;0;40;107;"TIDAK SEHAT"
5;"2017-10-12";0;0;39;103;"TIDAK SEHAT"
5;"2017-10-13";0;0;39;131;"TIDAK SEHAT"
1;"2017-10-14";36;0;19;107;"TIDAK SEHAT"
5;"2017-10-15";0;0;30;103;"TIDAK SEHAT"
2;"2017-10-16";41;0;8;84;"SEDANG"
2;"2017-10-17";42;0;10;134;"TIDAK SEHAT"
5;"2017-10-18";0;0;31;123;"TIDAK SEHAT"
4;"2017-10-19";57;0;16;86;"SEDANG"
5;"2017-10-20";0;0;43;168;"TIDAK SEHAT"
5;"2017-10-21";0;0;53;128;"TIDAK SEHAT"
5;"2017-10-22";0;0;39;86;"SEDANG"
5;"2017-10-23";0;0;37;89;"SEDANG"
4;"2017-10-24";51;0;10;110;"TIDAK SEHAT"
4;"2017-10-25";52;0;9;93;"SEDANG"
2;"2017-10-26";52;0;12;68;"SEDANG"
5;"2017-10-27";0;0;33;126;"TIDAK SEHAT"
5;"2017-10-28";0;0;37;87;"SEDANG"
5;"2017-10-29";0;0;52;90;"SEDANG"
5;"2017-10-30";0;0;39;95;"SEDANG"
3;"2017-10-31";43;0;14;119;"TIDAK SEHAT"
5;"2017-11-01";0;0;33;144;"TIDAK SEHAT"
2;"2017-11-02";70;0;15;138;"TIDAK SEHAT"
5;"2017-11-03";0;0;32;160;"TIDAK SEHAT"
5;"2017-11-04";0;0;34;91;"SEDANG"
5;"2017-11-05";0;0;43;81;"SEDANG"
5;"2017-11-06";0;0;32;62;"SEDANG"
3;"2017-11-07";32;0;16;56;"SEDANG"
5;"2017-11-08";0;0;47;65;"SEDANG"
2;"2017-11-09";45;0;11;75;"SEDANG"
4;"2017-11-10";52;0;10;106;"TIDAK SEHAT"
1;"2017-11-11";56;0;24;150;"TIDAK SEHAT"
4;"2017-11-12";48;0;9;99;"SEDANG"
2;"2017-11-13";49;0;12;66;"SEDANG"
3;"2017-11-14";41;0;19;99;"SEDANG"
3;"2017-11-15";37;0;17;121;"TIDAK SEHAT"
1;"2017-11-16";54;0;27;125;"TIDAK SEHAT"
4;"2017-11-17";51;0;20;126;"TIDAK SEHAT"
5;"2017-11-18";53;0;31;110;"TIDAK SEHAT"
5;"2017-11-19";56;0;36;85;"SEDANG"
1;"2017-11-20";48;0;20;128;"TIDAK SEHAT"
5;"2017-11-21";51;0;35;153;"TIDAK SEHAT"
4;"2017-11-22";65;0;13;117;"TIDAK SEHAT"
2;"2017-11-23";70;0;16;71;"SEDANG"
2;"2017-11-24";32;0;6;32;"SEDANG"
2;"2017-11-25";29;0;7;29;"SEDANG"
2;"2017-11-26";25;0;6;27;"SEDANG"
2;"2017-11-27";19;0;7;18;"SEDANG"
2;"2017-11-28";18;0;8;18;"SEDANG"
2;"2017-11-29";24;0;7;37;"SEDANG"
2;"2017-11-30";27;0;13;23;"SEDANG"
2;"2017-12-01";17;0;8;17;"BAIK"
2;"2017-12-02";34;0;11;16;"BAIK"
2;"2017-12-03";31;0;9;29;"BAIK"
2;"2017-12-04";22;0;6;29;"BAIK"
2;"2017-12-05";25;0;8;38;"BAIK"
2;"2017-12-06";37;0;10;95;"SEDANG"
3;"2017-12-07";16;0;13;77;"SEDANG"
3;"2017-12-08";10;0;8;77;"SEDANG"
3;"2017-12-09";9;0;7;73;"SEDANG"
2;"2017-12-10";24;0;6;25;"SEDANG"
2;"2017-12-11";29;0;9;30;"SEDANG"
3;"2017-12-12";5;0;15;46;"BAIK"
2;"2017-12-13";21;0;23;19;"SEDANG"
3;"2017-12-14";25;0;13;59;"SEDANG"
2;"2017-12-15";34;0;9;31;"SEDANG"
4;"2017-12-16";63;0;14;38;"SEDANG"
2;"2017-12-17";25;0;11;25;"SEDANG"
2;"2017-12-18";24;0;8;25;"SEDANG"
2;"2017-12-19";22;0;7;33;"SEDANG"
2;"2017-12-20";26;0;7;30;"SEDANG"
3;"2017-12-21";0;0;25;53;"SEDANG"
2;"2017-12-22";29;0;19;30;"SEDANG"
2;"2017-12-23";30;0;11;56;"SEDANG"
2;"2017-12-24";28;0;10;43;"BAIK"
2;"2017-12-25";19;0;5;31;"BAIK"
3;"2017-12-26";13;0;9;40;"BAIK"
4;"2017-12-27";55;0;0;27;"SEDANG"
4;"2017-12-28";29;0;0;48;"BAIK"
3;"2017-12-29";36;0;22;84;"SEDANG"
3;"2017-12-30";52;0;21;81;"SEDANG"
4;"2017-12-31";63;0;25;36;"SEDANG"
4;"2018-01-01";76;0;31;33;"SEDANG"
3;"2018-01-02";17;0;7;39;"BAIK"
3;"2018-01-03";15;0;15;101;"TIDAK SEHAT"
3;"2018-01-04";11;0;14;57;"SEDANG"
4;"2018-01-05";44;0;12;18;"BAIK"
5;"2018-01-06";15;0;22;31;"BAIK"
5;"2018-01-07";18;0;7;46;"BAIK"
5;"2018-01-08";47;0;13;73;"SEDANG"
3;"2018-01-09";42;0;12;63;"SEDANG"
5;"2018-01-10";0;0;11;95;"SEDANG"
5;"2018-01-11";0;0;7;81;"SEDANG"
5;"2018-01-12";32;0;0;83;"SEDANG"
5;"2018-01-13";43;0;0;93;"SEDANG"
5;"2018-01-14";33;0;0;73;"SEDANG"
4;"2018-01-15";22;0;11;0;"SEDANG"
4;"2018-01-16";18;0;7;0;"SEDANG"
5;"2018-01-17";30;0;9;60;"SEDANG"
5;"2018-01-18";33;0;13;56;"SEDANG"
4;"2018-01-19";36;0;29;24;"SEDANG"
4;"2018-01-20";24;0;7;29;"SEDANG"
4;"2018-01-21";21;0;6;31;"SEDANG"
4;"2018-01-22";20;0;7;25;"SEDANG"
5;"2018-01-23";18;0;0;57;"SEDANG"
5;"2018-01-24";31;0;0;86;"SEDANG"
4;"2018-01-25";21;0;8;23;"SEDANG"
4;"2018-01-26";18;0;7;19;"SEDANG"
5;"2018-01-27";19;0;16;63;"SEDANG"
4;"2018-01-28";34;0;9;33;"SEDANG"
4;"2018-01-29";16;0;8;13;"SEDANG"
5;"2018-01-30";17;0;22;41;"BAIK"
5;"2018-01-31";16;0;21;58;"SEDANG"
5;"2018-02-01";34;0;32;73;"SEDANG"
3;"2018-02-02";47;0;17;68;"SEDANG"
5;"2018-02-03";35;0;21;59;"SEDANG"
5;"2018-02-04";27;0;28;57;"SEDANG"
5;"2018-02-05";24;0;28;66;"SEDANG"
5;"2018-02-06";40;0;59;75;"SEDANG"
5;"2018-02-07";37;0;38;89;"SEDANG"
5;"2018-02-08";39;0;35;89;"SEDANG"
5;"2018-02-09";53;0;88;65;"SEDANG"
5;"2018-02-10";32;0;34;58;"SEDANG"
5;"2018-02-11";33;0;24;56;"SEDANG"
5;"2018-02-12";44;0;43;70;"SEDANG"
5;"2018-02-13";50;0;25;75;"SEDANG"
5;"2018-02-14";44;0;27;80;"SEDANG"
5;"2018-02-15";46;0;63;58;"SEDANG"
5;"2018-02-16";19;0;17;68;"SEDANG"
4;"2018-02-17";53;0;18;31;"SEDANG"
5;"2018-02-18";28;0;23;80;"SEDANG"
5;"2018-02-19";24;0;20;65;"SEDANG"
5;"2018-02-20";52;0;35;62;"SEDANG"
2;"2018-02-21";51;0;12;66;"SEDANG"
5;"2018-02-22";52;0;66;38;"SEDANG"
5;"2018-02-23";63;0;88;42;"SEDANG"
3;"2018-02-24";47;0;12;76;"SEDANG"
5;"2018-02-25";23;0;20;91;"SEDANG"
5;"2018-02-26";31;0;33;80;"SEDANG"
3;"2018-02-27";47;0;16;64;"SEDANG"
3;"2018-02-28";56;0;22;80;"SEDANG"
5;"2018-03-01";51;0;40;126;"TIDAK SEHAT"
2;"2018-03-02";47;0;13;146;"TIDAK SEHAT"
5;"2018-03-03";53;0;37;109;"TIDAK SEHAT"
5;"2018-03-04";56;0;64;194;"TIDAK SEHAT"
5;"2018-03-05";48;0;48;79;"SEDANG"
3;"2018-03-06";63;0;16;103;"TIDAK SEHAT"
3;"2018-03-07";66;0;17;76;"SEDANG"
5;"2018-03-08";33;0;47;107;"TIDAK SEHAT"
5;"2018-03-09";52;0;59;81;"SEDANG"
3;"2018-03-10";60;0;24;54;"SEDANG"
5;"2018-03-11";30;0;11;63;"SEDANG"
5;"2018-03-12";26;0;12;46;"BAIK"
3;"2018-03-13";27;0;9;61;"SEDANG"
3;"2018-03-14";62;0;19;89;"SEDANG"
2;"2018-03-15";68;0;22;136;"TIDAK SEHAT"
5;"2018-03-16";44;0;13;191;"TIDAK SEHAT"
5;"2018-03-17";57;0;18;155;"TIDAK SEHAT"
5;"2018-03-18";65;0;54;195;"TIDAK SEHAT"
5;"2018-03-19";36;0;10;156;"TIDAK SEHAT"
5;"2018-03-20";30;0;10;202;"SANGAT TIDAK SEHAT"
2;"2018-03-21";44;0;19;87;"SEDANG"
3;"2018-03-22";26;0;9;51;"SEDANG"
5;"2018-03-23";64;0;49;94;"SEDANG"
1;"2018-03-24";66;0;23;28;"SEDANG"
2;"2018-03-25";24;0;10;64;"SEDANG"
2;"2018-03-26";46;0;17;90;"SEDANG"
2;"2018-03-27";34;0;8;94;"SEDANG"
2;"2018-03-28";71;0;42;195;"TIDAK SEHAT"
2;"2018-03-29";55;0;12;129;"TIDAK SEHAT"
2;"2018-03-30";56;0;22;105;"TIDAK SEHAT"
5;"2018-03-31";39;0;4;67;"SEDANG"
5;"2018-04-01";29;0;4;57;"SEDANG"
5;"2018-04-02";33;0;8;57;"SEDANG"
5;"2018-04-03";45;0;14;80;"SEDANG"
5;"2018-04-04";14;0;8;96;"SEDANG"
5;"2018-04-05";62;0;26;202;"SANGAT TIDAK SEHAT"
5;"2018-04-06";45;0;10;144;"TIDAK SEHAT"
3;"2018-04-07";53;0;29;74;"SEDANG"
3;"2018-04-08";42;0;9;51;"SEDANG"
3;"2018-04-09";33;0;13;85;"SEDANG"
3;"2018-04-10";42;0;12;66;"SEDANG"
3;"2018-04-11";54;0;15;92;"SEDANG"
2;"2018-04-12";69;0;10;0;"SEDANG"
5;"2018-04-13";41;0;8;121;"TIDAK SEHAT"
5;"2018-04-14";45;0;10;141;"TIDAK SEHAT"
5;"2018-04-15";57;0;15;168;"TIDAK SEHAT"
5;"2018-04-16";61;0;17;185;"TIDAK SEHAT"
5;"2018-04-17";60;0;15;142;"TIDAK SEHAT"
4;"2018-04-18";81;0;21;75;"SEDANG"
5;"2018-04-19";68;0;24;133;"TIDAK SEHAT"
5;"2018-04-20";50;0;16;92;"SEDANG"
5;"2018-04-21";66;0;27;162;"TIDAK SEHAT"
5;"2018-04-22";66;0;21;117;"TIDAK SEHAT"
5;"2018-04-23";51;0;19;84;"SEDANG"
5;"2018-04-24";56;0;27;90;"SEDANG"
1;"2018-04-25";69;0;35;0;"SEDANG"
1;"2018-04-26";71;0;32;0;"SEDANG"
2;"2018-04-27";62;0;12;35;"SEDANG"
5;"2018-04-28";38;0;14;96;"SEDANG"
5;"2018-04-29";65;0;20;120;"TIDAK SEHAT"
4;"2018-04-30";78;0;29;89;"SEDANG"
5;"2018-05-01";56;0;10;101;"TIDAK SEHAT"
5;"2018-05-02";64;0;18;183;"TIDAK SEHAT"
5;"2018-05-03";75;0;22;166;"TIDAK SEHAT"
5;"2018-05-04";85;0;24;164;"TIDAK SEHAT"
5;"2018-05-05";78;0;22;137;"TIDAK SEHAT"
5;"2018-05-06";62;0;8;109;"TIDAK SEHAT"
5;"2018-05-07";56;0;11;77;"SEDANG"
5;"2018-05-08";61;0;14;204;"SANGAT TIDAK SEHAT"
5;"2018-05-09";67;0;15;156;"TIDAK SEHAT"
5;"2018-05-10";61;0;9;107;"TIDAK SEHAT"
5;"2018-05-11";62;0;12;83;"SEDANG"
5;"2018-05-12";66;0;21;144;"TIDAK SEHAT"
5;"2018-05-13";78;0;23;131;"TIDAK SEHAT"
5;"2018-05-14";72;0;13;178;"TIDAK SEHAT"
5;"2018-05-15";84;0;25;143;"TIDAK SEHAT"
5;"2018-05-16";75;0;16;151;"TIDAK SEHAT"
3;"2018-05-17";56;0;14;80;"SEDANG"
5;"2018-05-18";78;0;26;86;"SEDANG"
5;"2018-05-19";54;0;11;102;"TIDAK SEHAT"
5;"2018-05-20";61;0;17;98;"SEDANG"
5;"2018-05-21";60;0;17;185;"TIDAK SEHAT"
5;"2018-05-22";35;0;12;80;"SEDANG"
5;"2018-05-23";44;0;7;74;"SEDANG"
5;"2018-05-24";31;0;11;94;"SEDANG"
5;"2018-05-25";66;0;17;92;"SEDANG"
5;"2018-05-26";62;0;18;119;"TIDAK SEHAT"
5;"2018-05-27";61;0;17;156;"TIDAK SEHAT"
2;"2018-05-28";64;0;18;120;"TIDAK SEHAT"
5;"2018-05-29";69;0;21;118;"TIDAK SEHAT"
5;"2018-05-30";76;0;24;191;"TIDAK SEHAT"
2;"2018-05-31";70;0;0;183;"TIDAK SEHAT"
5;"2018-06-01";65;0;30;115;"TIDAK SEHAT"
5;"2018-06-02";59;0;14;86;"SEDANG"
5;"2018-06-03";62;0;13;145;"TIDAK SEHAT"
5;"2018-06-04";60;0;11;125;"TIDAK SEHAT"
5;"2018-06-05";52;0;10;146;"TIDAK SEHAT"
5;"2018-06-06";62;0;16;133;"TIDAK SEHAT"
5;"2018-06-07";61;0;21;179;"TIDAK SEHAT"
5;"2018-06-08";58;0;16;162;"TIDAK SEHAT"
5;"2018-06-09";74;0;34;167;"TIDAK SEHAT"
2;"2018-06-10";68;0;18;203;"SANGAT TIDAK SEHAT"
2;"2018-06-11";74;0;6;169;"TIDAK SEHAT"
2;"2018-06-12";64;0;9;161;"TIDAK SEHAT"
5;"2018-06-13";56;0;27;163;"TIDAK SEHAT"
5;"2018-06-14";52;0;18;144;"TIDAK SEHAT"
2;"2018-06-15";54;0;7;161;"TIDAK SEHAT"
2;"2018-06-16";59;0;15;139;"TIDAK SEHAT"
5;"2018-06-17";46;0;11;88;"SEDANG"
5;"2018-06-18";39;0;10;75;"SEDANG"
5;"2018-06-19";44;0;13;97;"SEDANG"
5;"2018-06-20";53;0;16;86;"SEDANG"
5;"2018-06-21";47;0;11;70;"SEDANG"
5;"2018-06-22";45;0;17;94;"SEDANG"
4;"2018-06-23";81;0;14;29;"SEDANG"
5;"2018-06-24";38;0;15;110;"TIDAK SEHAT"
5;"2018-06-25";25;0;11;100;"SEDANG"
2;"2018-06-26";56;0;24;107;"TIDAK SEHAT"
5;"2018-06-27";51;0;23;136;"TIDAK SEHAT"
5;"2018-06-28";63;0;20;146;"TIDAK SEHAT"
5;"2018-06-29";58;0;16;213;"SANGAT TIDAK SEHAT"
2;"2018-06-30";62;0;9;193;"TIDAK SEHAT"
5;"2018-07-01";70;0;26;205;"SANGAT TIDAK SEHAT"
5;"2018-07-02";77;0;28;142;"TIDAK SEHAT"
2;"2018-07-03";76;0;14;166;"TIDAK SEHAT"
2;"2018-07-04";82;0;10;209;"SANGAT TIDAK SEHAT"
5;"2018-07-05";59;0;16;123;"TIDAK SEHAT"
5;"2018-07-06";54;0;16;113;"TIDAK SEHAT"
5;"2018-07-07";72;0;32;104;"TIDAK SEHAT"
2;"2018-07-08";74;0;27;111;"TIDAK SEHAT"
5;"2018-07-09";65;0;17;116;"TIDAK SEHAT"
2;"2018-07-10";71;0;9;124;"TIDAK SEHAT"
2;"2018-07-11";63;0;10;129;"TIDAK SEHAT"
5;"2018-07-12";68;0;16;117;"TIDAK SEHAT"
2;"2018-07-13";70;0;11;107;"TIDAK SEHAT"
2;"2018-07-14";73;0;13;117;"TIDAK SEHAT"
2;"2018-07-15";54;0;4;129;"TIDAK SEHAT"
5;"2018-07-16";53;0;14;222;"SANGAT TIDAK SEHAT"
5;"2018-07-17";64;0;20;205;"SANGAT TIDAK SEHAT"
5;"2018-07-18";77;0;25;208;"SANGAT TIDAK SEHAT"
5;"2018-07-19";74;0;19;188;"TIDAK SEHAT"
5;"2018-07-20";66;0;16;113;"TIDAK SEHAT"
5;"2018-07-21";60;0;14;151;"TIDAK SEHAT"
5;"2018-07-22";72;0;22;166;"TIDAK SEHAT"
5;"2018-07-23";56;0;18;191;"TIDAK SEHAT"
5;"2018-07-24";68;0;21;184;"TIDAK SEHAT"
5;"2018-07-25";73;0;23;153;"TIDAK SEHAT"
5;"2018-07-26";63;0;20;168;"TIDAK SEHAT"
5;"2018-07-27";67;0;19;197;"TIDAK SEHAT"
5;"2018-07-28";80;0;30;234;"SANGAT TIDAK SEHAT"
5;"2018-07-29";77;0;23;202;"SANGAT TIDAK SEHAT"
5;"2018-07-30";85;0;23;174;"TIDAK SEHAT"
5;"2018-07-31";79;0;22;156;"TIDAK SEHAT"
5;"2018-08-01";71;0;21;129;"TIDAK SEHAT"
5;"2018-08-02";59;0;17;207;"SANGAT TIDAK SEHAT"
2;"2018-08-03";63;0;3;211;"SANGAT TIDAK SEHAT"
5;"2018-08-04";50;0;13;194;"TIDAK SEHAT"
2;"2018-08-05";56;0;14;203;"SANGAT TIDAK SEHAT"
2;"2018-08-06";60;0;10;202;"SANGAT TIDAK SEHAT"
5;"2018-08-07";75;0;21;162;"TIDAK SEHAT"
5;"2018-08-08";88;0;28;144;"TIDAK SEHAT"
5;"2018-08-09";75;0;22;186;"TIDAK SEHAT"
2;"2018-08-10";56;0;9;165;"TIDAK SEHAT"
3;"2018-08-11";21;0;12;126;"TIDAK SEHAT"
5;"2018-08-12";58;0;20;127;"TIDAK SEHAT"
5;"2018-08-13";60;0;14;134;"TIDAK SEHAT"
5;"2018-08-14";59;0;19;151;"TIDAK SEHAT"
5;"2018-08-15";58;0;15;185;"TIDAK SEHAT"
5;"2018-08-16";72;0;17;140;"TIDAK SEHAT"
5;"2018-08-17";54;0;12;154;"TIDAK SEHAT"
5;"2018-08-18";59;0;14;143;"TIDAK SEHAT"
5;"2018-08-19";64;0;20;149;"TIDAK SEHAT"
5;"2018-08-20";59;0;19;101;"TIDAK SEHAT"
3;"2018-08-21";58;0;10;122;"TIDAK SEHAT"
5;"2018-08-22";56;0;14;164;"TIDAK SEHAT"
5;"2018-08-23";60;0;14;161;"TIDAK SEHAT"
5;"2018-08-24";67;0;22;110;"TIDAK SEHAT"
5;"2018-08-25";57;0;13;202;"SANGAT TIDAK SEHAT"
5;"2018-08-26";59;0;16;131;"TIDAK SEHAT"
5;"2018-08-27";63;0;20;166;"TIDAK SEHAT"
5;"2018-08-28";59;0;15;182;"TIDAK SEHAT"
5;"2018-08-29";59;0;14;161;"TIDAK SEHAT"
2;"2018-08-30";75;0;16;153;"TIDAK SEHAT"
5;"2018-08-31";58;0;15;130;"TIDAK SEHAT"
5;"2018-09-01";61;0;18;145;"TIDAK SEHAT"
5;"2018-09-02";61;0;20;136;"TIDAK SEHAT"
5;"2018-09-03";44;0;19;175;"TIDAK SEHAT"
5;"2018-09-04";43;0;11;217;"SANGAT TIDAK SEHAT"
5;"2018-09-05";46;0;11;140;"TIDAK SEHAT"
5;"2018-09-06";68;0;21;148;"TIDAK SEHAT"
5;"2018-09-07";60;0;17;147;"TIDAK SEHAT"
5;"2018-09-08";49;0;14;175;"TIDAK SEHAT"
5;"2018-09-09";58;0;20;126;"TIDAK SEHAT"
5;"2018-09-10";61;0;20;132;"TIDAK SEHAT"
5;"2018-09-11";59;0;16;102;"TIDAK SEHAT"
2;"2018-09-12";54;0;16;164;"TIDAK SEHAT"
5;"2018-09-13";56;0;14;190;"TIDAK SEHAT"
2;"2018-09-14";60;0;17;233;"SANGAT TIDAK SEHAT"
2;"2018-09-15";62;0;16;196;"TIDAK SEHAT"
2;"2018-09-16";63;0;15;119;"TIDAK SEHAT"
5;"2018-09-17";56;0;16;83;"SEDANG"
5;"2018-09-18";54;0;15;141;"TIDAK SEHAT"
5;"2018-09-19";48;0;13;85;"SEDANG"
5;"2018-09-20";63;0;15;77;"SEDANG"
4;"2018-09-21";80;0;18;34;"SEDANG"
5;"2018-09-22";44;0;14;157;"TIDAK SEHAT"
5;"2018-09-23";71;0;29;130;"TIDAK SEHAT"
5;"2018-09-24";60;0;18;152;"TIDAK SEHAT"
5;"2018-09-25";68;0;24;197;"TIDAK SEHAT"
5;"2018-09-26";65;0;18;202;"SANGAT TIDAK SEHAT"
5;"2018-09-27";59;0;17;146;"TIDAK SEHAT"
5;"2018-09-28";56;0;16;194;"TIDAK SEHAT"
5;"2018-09-29";54;0;15;165;"TIDAK SEHAT"
5;"2018-09-30";58;0;16;145;"TIDAK SEHAT"
5;"2018-10-01";55;0;17;124;"TIDAK SEHAT"
5;"2018-10-02";58;0;17;88;"SEDANG"
5;"2018-10-03";53;0;14;144;"TIDAK SEHAT"
5;"2018-10-04";63;0;21;109;"TIDAK SEHAT"
5;"2018-10-05";51;0;11;146;"TIDAK SEHAT"
5;"2018-10-06";56;0;15;123;"TIDAK SEHAT"
5;"2018-10-07";58;0;16;128;"TIDAK SEHAT"
5;"2018-10-08";60;0;17;185;"TIDAK SEHAT"
5;"2018-10-09";60;0;19;173;"TIDAK SEHAT"
5;"2018-10-10";61;0;17;190;"TIDAK SEHAT"
5;"2018-10-11";58;0;15;149;"TIDAK SEHAT"
5;"2018-10-12";60;0;16;118;"TIDAK SEHAT"
2;"2018-10-13";60;0;18;189;"TIDAK SEHAT"
5;"2018-10-14";59;0;16;138;"TIDAK SEHAT"
5;"2018-10-15";58;0;16;119;"TIDAK SEHAT"
5;"2018-10-16";58;0;16;210;"SANGAT TIDAK SEHAT"
5;"2018-10-17";58;0;15;217;"SANGAT TIDAK SEHAT"
5;"2018-10-18";56;0;13;207;"SANGAT TIDAK SEHAT"
5;"2018-10-19";61;0;23;146;"TIDAK SEHAT"
5;"2018-10-20";57;0;15;212;"SANGAT TIDAK SEHAT"
5;"2018-10-21";59;0;18;139;"TIDAK SEHAT"
5;"2018-10-22";54;0;15;150;"TIDAK SEHAT"
2;"2018-10-23";40;0;18;148;"TIDAK SEHAT"
2;"2018-10-24";73;0;31;139;"TIDAK SEHAT"
5;"2018-10-25";53;0;16;97;"SEDANG"
2;"2018-10-26";67;0;20;119;"TIDAK SEHAT"
3;"2018-10-27";52;0;26;104;"TIDAK SEHAT"
3;"2018-10-28";43;0;20;90;"SEDANG"
3;"2018-10-29";28;0;19;85;"SEDANG"
3;"2018-10-30";50;0;25;104;"TIDAK SEHAT"
3;"2018-10-31";47;0;20;97;"SEDANG"
2;"2018-11-01";71;0;22;95;"SEDANG"
3;"2018-11-02";47;0;18;85;"SEDANG"
2;"2018-11-03";76;0;23;173;"TIDAK SEHAT"
5;"2018-11-04";56;0;21;110;"TIDAK SEHAT"
3;"2018-11-05";48;0;23;101;"TIDAK SEHAT"
2;"2018-11-06";53;0;16;122;"TIDAK SEHAT"
5;"2018-11-07";54;0;18;96;"SEDANG"
3;"2018-11-08";38;0;22;89;"SEDANG"
3;"2018-11-09";43;0;22;98;"SEDANG"
3;"2018-11-10";55;0;36;166;"TIDAK SEHAT"
3;"2018-11-11";54;0;35;104;"TIDAK SEHAT"
2;"2018-11-12";52;0;16;144;"TIDAK SEHAT"
2;"2018-11-13";56;0;15;129;"TIDAK SEHAT"
2;"2018-11-14";38;0;14;65;"SEDANG"
2;"2018-11-15";27;0;6;51;"SEDANG"
2;"2018-11-16";54;0;12;234;"SANGAT TIDAK SEHAT"
2;"2018-11-17";65;0;11;145;"TIDAK SEHAT"
3;"2018-11-18";54;0;22;120;"TIDAK SEHAT"
3;"2018-11-19";75;0;31;90;"SEDANG"
2;"2018-11-20";50;0;16;94;"SEDANG"
2;"2018-11-21";66;0;14;163;"TIDAK SEHAT"
2;"2018-11-22";59;0;17;129;"TIDAK SEHAT"
2;"2018-11-23";66;0;14;203;"SANGAT TIDAK SEHAT"
2;"2018-11-24";61;0;33;193;"TIDAK SEHAT"
3;"2018-11-25";52;0;21;77;"SEDANG"
3;"2018-11-26";48;0;20;90;"SEDANG"
3;"2018-11-27";54;0;28;126;"TIDAK SEHAT"
2;"2018-11-28";63;0;13;109;"TIDAK SEHAT"
3;"2018-11-29";48;0;21;76;"SEDANG"
3;"2018-11-30";42;0;20;131;"TIDAK SEHAT"
3;"2018-12-01";60;0;27;112;"TIDAK SEHAT"
2;"2018-12-02";73;0;20;132;"TIDAK SEHAT"
2;"2018-12-03";65;0;17;97;"SEDANG"
1;"2018-12-04";63;0;29;71;"SEDANG"
5;"2018-12-05";55;0;26;81;"SEDANG"
3;"2018-12-06";52;0;33;94;"SEDANG"
3;"2018-12-07";33;0;29;134;"TIDAK SEHAT"
2;"2018-12-08";56;0;23;134;"TIDAK SEHAT"
2;"2018-12-09";58;0;12;104;"TIDAK SEHAT"
2;"2018-12-10";66;0;20;137;"TIDAK SEHAT"
2;"2018-12-11";73;0;35;123;"TIDAK SEHAT"
2;"2018-12-12";56;0;17;214;"SANGAT TIDAK SEHAT"
2;"2018-12-13";51;0;14;117;"TIDAK SEHAT"
3;"2018-12-14";35;0;21;92;"SEDANG"
2;"2018-12-15";23;0;5;47;"BAIK"
2;"2018-12-16";35;0;11;63;"SEDANG"
2;"2018-12-17";31;0;8;128;"TIDAK SEHAT"
2;"2018-12-18";51;0;9;160;"TIDAK SEHAT"
2;"2018-12-19";60;0;17;195;"TIDAK SEHAT"
3;"2018-12-20";55;0;24;97;"SEDANG"
3;"2018-12-21";41;0;19;64;"SEDANG"
3;"2018-12-22";58;0;21;66;"SEDANG"
1;"2018-12-23";48;0;0;15;"BAIK"
3;"2018-12-24";0;0;9;45;"BAIK"
3;"2018-12-25";0;0;5;70;"SEDANG"
3;"2018-12-26";28;0;5;69;"SEDANG"
1;"2018-12-27";28;0;15;55;"SEDANG"
1;"2018-12-28";4;0;0;63;"SEDANG"
3;"2018-12-29";22;0;2;50;"BAIK"
3;"2018-12-30";24;0;3;53;"SEDANG"
3;"2018-12-31";44;0;6;43;"BAIK"
2;"2019-01-01";14;0;7;71;"SEDANG"
2;"2019-01-02";20;0;4;79;"SEDANG"
2;"2019-01-03";16;0;4;65;"SEDANG"
2;"2019-01-04";33;0;7;64;"SEDANG"
3;"2019-01-05";54;0;10;40;"SEDANG"
2;"2019-01-06";55;0;14;105;"TIDAK SEHAT"
3;"2019-01-07";71;0;16;132;"TIDAK SEHAT"
3;"2019-01-08";40;0;7;143;"TIDAK SEHAT"
1;"2019-01-09";61;0;28;198;"TIDAK SEHAT"
1;"2019-01-10";41;0;26;128;"TIDAK SEHAT"
3;"2019-01-11";54;0;18;91;"SEDANG"
3;"2019-01-12";57;0;22;90;"SEDANG"
3;"2019-01-13";58;0;22;119;"TIDAK SEHAT"
1;"2019-01-14";65;0;32;99;"SEDANG"
3;"2019-01-15";72;0;18;53;"SEDANG"
3;"2019-01-16";31;0;6;64;"SEDANG"
1;"2019-01-17";56;0;23;101;"TIDAK SEHAT"
1;"2019-01-18";27;0;16;103;"TIDAK SEHAT"
1;"2019-01-19";42;0;27;127;"TIDAK SEHAT"
3;"2019-01-20";60;0;25;82;"SEDANG"
3;"2019-01-21";52;0;14;94;"SEDANG"
3;"2019-01-22";23;0;12;92;"SEDANG"
3;"2019-01-23";40;0;24;70;"SEDANG"
3;"2019-01-24";36;0;13;81;"SEDANG"
3;"2019-01-25";32;0;25;74;"SEDANG"
1;"2019-01-26";63;0;33;118;"TIDAK SEHAT"
3;"2019-01-27";56;0;39;74;"SEDANG"
3;"2019-01-28";53;0;25;77;"SEDANG"
3;"2019-01-29";46;0;22;88;"SEDANG"
1;"2019-01-30";24;0;22;73;"SEDANG"
3;"2019-01-31";56;0;21;54;"SEDANG"
1;"2019-02-01";61;0;47;93;"SEDANG"
3;"2019-02-02";57;0;42;79;"SEDANG"
3;"2019-02-03";55;0;28;95;"SEDANG"
3;"2019-02-04";56;0;20;86;"SEDANG"
3;"2019-02-05";57;0;36;80;"SEDANG"
3;"2019-02-06";42;0;14;75;"SEDANG"
2;"2019-02-07";70;0;30;47;"SEDANG"
1;"2019-02-08";45;0;23;132;"TIDAK SEHAT"
1;"2019-02-09";57;0;20;144;"TIDAK SEHAT"
3;"2019-02-10";57;0;15;81;"SEDANG"
3;"2019-02-11";34;0;11;71;"SEDANG"
3;"2019-02-12";0;0;29;94;"SEDANG"
3;"2019-02-13";67;0;43;71;"SEDANG"
3;"2019-02-14";53;0;35;91;"SEDANG"
3;"2019-02-15";54;0;17;89;"SEDANG"
3;"2019-02-16";42;0;10;111;"TIDAK SEHAT"
3;"2019-02-17";55;0;19;79;"SEDANG"
3;"2019-02-18";44;0;14;88;"SEDANG"
5;"2019-02-19";68;0;25;123;"TIDAK SEHAT"
4;"2019-02-20";63;0;22;70;"SEDANG"
3;"2019-02-21";69;0;29;86;"SEDANG"
3;"2019-02-22";48;0;18;77;"SEDANG"
5;"2019-02-23";40;0;16;102;"TIDAK SEHAT"
3;"2019-02-24";56;0;25;88;"SEDANG"
3;"2019-02-25";59;0;32;115;"TIDAK SEHAT"
3;"2019-02-26";50;0;21;88;"SEDANG"
3;"2019-02-27";64;0;17;67;"SEDANG"
5;"2019-02-28";40;0;12;98;"SEDANG"
3;"2019-03-01";52;0;18;70;"SEDANG"
3;"2019-03-02";45;0;25;62;"SEDANG"
5;"2019-03-03";32;0;12;82;"SEDANG"
3;"2019-03-04";55;0;20;104;"TIDAK SEHAT"
5;"2019-03-05";27;0;18;83;"SEDANG"
3;"2019-03-06";54;0;24;60;"SEDANG"
5;"2019-03-07";54;0;32;112;"TIDAK SEHAT"
3;"2019-03-08";78;0;37;155;"TIDAK SEHAT"
5;"2019-03-09";58;0;25;215;"SANGAT TIDAK SEHAT"
2;"2019-03-10";60;0;16;164;"TIDAK SEHAT"
2;"2019-03-11";55;0;15;44;"SEDANG"
3;"2019-03-12";40;0;13;51;"SEDANG"
5;"2019-03-13";32;0;16;122;"TIDAK SEHAT"
5;"2019-03-14";53;0;29;162;"TIDAK SEHAT"
5;"2019-03-15";71;0;29;132;"TIDAK SEHAT"
5;"2019-03-16";57;0;43;128;"TIDAK SEHAT"
5;"2019-03-17";38;0;10;82;"SEDANG"
3;"2019-03-18";52;0;13;65;"SEDANG"
3;"2019-03-19";38;0;14;68;"SEDANG"
5;"2019-03-20";26;0;7;65;"SEDANG"
5;"2019-03-21";40;0;10;74;"SEDANG"
5;"2019-03-22";42;0;17;58;"SEDANG"
5;"2019-03-23";31;0;6;75;"SEDANG"
5;"2019-03-24";17;0;5;55;"SEDANG"
5;"2019-03-25";26;0;6;42;"BAIK"
5;"2019-03-26";61;0;19;89;"SEDANG"
5;"2019-03-27";39;0;16;192;"TIDAK SEHAT"
5;"2019-03-28";51;0;24;130;"TIDAK SEHAT"
5;"2019-03-29";57;0;15;182;"TIDAK SEHAT"
5;"2019-03-30";51;0;19;190;"TIDAK SEHAT"
5;"2019-03-31";57;0;18;194;"TIDAK SEHAT"
5;"2019-04-01";61;0;26;167;"TIDAK SEHAT"
5;"2019-04-02";57;0;35;101;"TIDAK SEHAT"
5;"2019-04-03";62;0;42;146;"TIDAK SEHAT"
5;"2019-04-04";59;0;16;172;"TIDAK SEHAT"
5;"2019-04-05";51;0;18;83;"SEDANG"
5;"2019-04-06";74;0;38;195;"TIDAK SEHAT"
5;"2019-04-07";66;0;35;243;"SANGAT TIDAK SEHAT"
5;"2019-04-08";53;0;18;235;"SANGAT TIDAK SEHAT"
3;"2019-04-09";51;0;17;127;"TIDAK SEHAT"
3;"2019-04-10";64;0;27;199;"TIDAK SEHAT"
3;"2019-04-11";62;0;15;153;"TIDAK SEHAT"
2;"2019-04-12";43;0;10;78;"SEDANG"
2;"2019-04-13";32;0;7;62;"SEDANG"
3;"2019-04-14";38;0;9;112;"TIDAK SEHAT"
3;"2019-04-15";54;0;19;122;"TIDAK SEHAT"
5;"2019-04-16";56;0;26;119;"TIDAK SEHAT"
4;"2019-04-17";60;0;27;80;"SEDANG"
3;"2019-04-18";70;0;21;111;"TIDAK SEHAT"
4;"2019-04-19";60;0;13;31;"SEDANG"
3;"2019-04-20";31;0;13;105;"TIDAK SEHAT"
3;"2019-04-21";60;0;27;110;"TIDAK SEHAT"
3;"2019-04-22";59;0;20;63;"SEDANG"
3;"2019-04-23";59;0;12;73;"SEDANG"
3;"2019-04-24";52;0;11;72;"SEDANG"
3;"2019-04-25";58;0;40;85;"SEDANG"
3;"2019-04-26";38;0;11;124;"TIDAK SEHAT"
3;"2019-04-27";45;0;25;90;"SEDANG"
5;"2019-04-28";58;0;46;78;"SEDANG"
3;"2019-04-29";49;0;24;130;"TIDAK SEHAT"
3;"2019-04-30";49;0;14;111;"TIDAK SEHAT"
5;"2019-05-01";36;0;20;80;"SEDANG"
3;"2019-05-02";48;0;18;23;"BAIK"
3;"2019-05-03";49;0;13;99;"SEDANG"
3;"2019-05-04";59;0;24;92;"SEDANG"
5;"2019-05-05";56;0;34;91;"SEDANG"
3;"2019-05-06";50;0;14;93;"SEDANG"
3;"2019-05-07";69;0;27;89;"SEDANG"
3;"2019-05-08";77;0;34;132;"TIDAK SEHAT"
3;"2019-05-09";65;0;24;149;"TIDAK SEHAT"
2;"2019-05-10";52;0;12;87;"SEDANG"
5;"2019-05-11";37;0;16;65;"SEDANG"
4;"2019-05-12";69;0;16;76;"SEDANG"
3;"2019-05-13";61;0;20;93;"SEDANG"
3;"2019-05-14";68;0;17;80;"SEDANG"
3;"2019-05-15";67;0;17;90;"SEDANG"
2;"2019-05-16";55;0;9;111;"TIDAK SEHAT"
2;"2019-05-17";63;0;9;100;"SEDANG"
3;"2019-05-18";54;0;17;111;"TIDAK SEHAT"
5;"2019-05-19";74;0;31;114;"TIDAK SEHAT"
3;"2019-05-20";67;0;12;85;"SEDANG"
3;"2019-05-21";67;0;18;98;"SEDANG"
3;"2019-05-22";65;0;15;99;"SEDANG"
5;"2019-05-23";58;0;19;82;"SEDANG"
2;"2019-05-24";69;0;11;62;"SEDANG"
3;"2019-05-25";64;0;21;104;"TIDAK SEHAT"
5;"2019-05-26";65;0;22;107;"TIDAK SEHAT"
3;"2019-05-27";71;0;20;101;"TIDAK SEHAT"
3;"2019-05-28";67;0;13;84;"SEDANG"
3;"2019-05-29";56;0;12;86;"SEDANG"
3;"2019-05-30";53;0;14;84;"SEDANG"
3;"2019-05-31";55;0;13;89;"SEDANG"
2;"2019-06-01";60;0;12;104;"TIDAK SEHAT"
2;"2019-06-02";59;0;17;106;"TIDAK SEHAT"
3;"2019-06-03";50;0;12;89;"SEDANG"
3;"2019-06-04";75;0;18;82;"SEDANG"
4;"2019-06-05";82;0;26;56;"SEDANG"
3;"2019-06-06";50;0;10;75;"SEDANG"
4;"2019-06-07";45;0;6;54;"SEDANG"
2;"2019-06-08";44;0;8;105;"TIDAK SEHAT"
5;"2019-06-09";47;0;18;98;"SEDANG"
5;"2019-06-10";57;0;19;88;"SEDANG"
5;"2019-06-11";55;0;19;105;"TIDAK SEHAT"
5;"2019-06-12";68;0;18;108;"TIDAK SEHAT"
4;"2019-06-13";79;0;23;148;"TIDAK SEHAT"
3;"2019-06-14";60;0;20;98;"SEDANG"
3;"2019-06-15";54;0;20;112;"TIDAK SEHAT"
3;"2019-06-16";66;0;24;107;"TIDAK SEHAT"
3;"2019-06-17";60;0;21;93;"SEDANG"
3;"2019-06-18";59;0;10;74;"SEDANG"
5;"2019-06-19";60;0;17;92;"SEDANG"
5;"2019-06-20";78;0;24;99;"SEDANG"
3;"2019-06-21";72;0;16;103;"TIDAK SEHAT"
4;"2019-06-22";74;0;18;133;"TIDAK SEHAT"
3;"2019-06-23";71;0;17;134;"TIDAK SEHAT"
5;"2019-06-24";76;0;19;103;"TIDAK SEHAT"
2;"2019-06-25";89;0;12;73;"SEDANG"
2;"2019-06-26";84;0;10;67;"SEDANG"
3;"2019-06-27";67;0;15;142;"TIDAK SEHAT"
3;"2019-06-28";64;0;13;143;"TIDAK SEHAT"
2;"2019-06-29";69;0;11;173;"TIDAK SEHAT"
3;"2019-06-30";63;0;16;83;"SEDANG"
4;"2019-07-01";64;0;12;96;"SEDANG"
5;"2019-07-02";0;0;14;108;"TIDAK SEHAT"
5;"2019-07-03";0;0;18;87;"SEDANG"
2;"2019-07-04";69;0;7;78;"SEDANG"
2;"2019-07-05";63;0;12;91;"SEDANG"
3;"2019-07-06";55;0;14;82;"SEDANG"
1;"2019-07-07";63;0;12;41;"SEDANG"
3;"2019-07-08";55;0;13;84;"SEDANG"
2;"2019-07-09";66;0;9;111;"TIDAK SEHAT"
3;"2019-07-10";58;0;14;91;"SEDANG"
4;"2019-07-11";71;0;16;52;"SEDANG"
3;"2019-07-12";58;0;15;77;"SEDANG"
4;"2019-07-13";57;0;11;163;"TIDAK SEHAT"
4;"2019-07-14";80;0;16;160;"TIDAK SEHAT"
3;"2019-07-15";67;0;22;77;"SEDANG"
4;"2019-07-16";76;0;16;92;"SEDANG"
5;"2019-07-17";64;0;16;107;"TIDAK SEHAT"
3;"2019-07-18";65;0;13;87;"SEDANG"
2;"2019-07-19";68;0;9;49;"SEDANG"
5;"2019-07-20";75;0;16;113;"TIDAK SEHAT"
2;"2019-07-21";66;0;8;91;"SEDANG"
5;"2019-07-22";67;0;18;121;"TIDAK SEHAT"
2;"2019-07-23";83;0;9;62;"SEDANG"
3;"2019-07-24";64;0;14;92;"SEDANG"
5;"2019-07-25";75;0;19;124;"TIDAK SEHAT"
3;"2019-07-26";64;0;11;96;"SEDANG"
3;"2019-07-27";62;0;11;94;"SEDANG"
4;"2019-07-28";90;0;14;115;"TIDAK SEHAT"
3;"2019-07-29";74;0;17;129;"TIDAK SEHAT"
2;"2019-07-30";79;0;11;99;"SEDANG"
3;"2019-07-31";71;0;23;94;"SEDANG"
5;"2019-08-01";57;0;13;115;"TIDAK SEHAT"
5;"2019-08-02";61;0;14;96;"SEDANG"
5;"2019-08-03";66;0;16;92;"SEDANG"
3;"2019-08-04";61;0;18;80;"SEDANG"
4;"2019-08-05";56;0;0;117;"TIDAK SEHAT"
3;"2019-08-06";62;0;14;140;"TIDAK SEHAT"
3;"2019-08-07";61;0;17;127;"TIDAK SEHAT"
5;"2019-08-08";67;0;16;146;"TIDAK SEHAT"
3;"2019-08-09";60;0;18;119;"TIDAK SEHAT"
3;"2019-08-10";64;0;24;100;"SEDANG"
3;"2019-08-11";64;0;21;72;"SEDANG"
3;"2019-08-12";62;0;17;73;"SEDANG"
2;"2019-08-13";70;0;7;54;"SEDANG"
5;"2019-08-14";55;0;11;69;"SEDANG"
4;"2019-08-15";69;0;9;102;"TIDAK SEHAT"
5;"2019-08-16";92;0;28;207;"SANGAT TIDAK SEHAT"
5;"2019-08-17";71;0;15;174;"TIDAK SEHAT"
5;"2019-08-18";63;0;13;108;"TIDAK SEHAT"
4;"2019-08-19";0;0;14;185;"TIDAK SEHAT"
5;"2019-08-20";65;0;12;171;"TIDAK SEHAT"
3;"2019-08-21";64;0;20;76;"SEDANG"
5;"2019-08-22";56;0;12;88;"SEDANG"
5;"2019-08-23";69;0;15;201;"SANGAT TIDAK SEHAT"
5;"2019-08-24";64;0;12;171;"TIDAK SEHAT"
5;"2019-08-25";66;0;11;128;"TIDAK SEHAT"
5;"2019-08-26";66;0;11;184;"TIDAK SEHAT"
5;"2019-08-27";66;0;12;149;"TIDAK SEHAT"
5;"2019-08-28";61;0;10;108;"TIDAK SEHAT"
5;"2019-08-29";64;0;18;132;"TIDAK SEHAT"
5;"2019-08-30";67;0;13;96;"SEDANG"
3;"2019-08-31";67;0;30;78;"SEDANG"
5;"2019-09-01";67;0;14;109;"TIDAK SEHAT"
5;"2019-09-02";71;0;14;187;"TIDAK SEHAT"
3;"2019-09-03";61;0;18;141;"TIDAK SEHAT"
5;"2019-09-04";63;0;10;144;"TIDAK SEHAT"
5;"2019-09-05";75;0;16;113;"TIDAK SEHAT"
3;"2019-09-06";60;0;20;127;"TIDAK SEHAT"
5;"2019-09-07";65;0;13;127;"TIDAK SEHAT"
5;"2019-09-08";65;0;13;126;"TIDAK SEHAT"
3;"2019-09-09";64;0;20;106;"TIDAK SEHAT"
5;"2019-09-10";56;0;10;91;"SEDANG"
5;"2019-09-11";68;0;17;160;"TIDAK SEHAT"
5;"2019-09-12";78;0;19;143;"TIDAK SEHAT"
5;"2019-09-13";69;0;15;156;"TIDAK SEHAT"
5;"2019-09-14";63;0;14;156;"TIDAK SEHAT"
5;"2019-09-15";68;0;12;99;"SEDANG"
5;"2019-09-16";60;0;10;74;"SEDANG"
5;"2019-09-17";57;0;10;77;"SEDANG"
3;"2019-09-18";58;0;22;132;"TIDAK SEHAT"
5;"2019-09-19";70;0;15;107;"TIDAK SEHAT"
5;"2019-09-20";59;0;10;91;"SEDANG"
5;"2019-09-21";59;0;10;169;"TIDAK SEHAT"
5;"2019-09-22";65;0;11;153;"TIDAK SEHAT"
5;"2019-09-23";61;0;12;87;"SEDANG"
5;"2019-09-24";61;0;10;112;"TIDAK SEHAT"
5;"2019-09-25";68;0;12;174;"TIDAK SEHAT"
5;"2019-09-26";65;0;10;110;"TIDAK SEHAT"
5;"2019-09-27";72;0;12;131;"TIDAK SEHAT"
5;"2019-09-28";58;0;9;102;"TIDAK SEHAT"
5;"2019-09-29";65;0;12;115;"TIDAK SEHAT"
5;"2019-09-30";60;0;12;146;"TIDAK SEHAT"
5;"2019-10-01";74;0;18;184;"TIDAK SEHAT"
5;"2019-10-02";69;0;10;153;"TIDAK SEHAT"
5;"2019-10-03";78;0;10;138;"TIDAK SEHAT"
5;"2019-10-04";76;0;10;169;"TIDAK SEHAT"
5;"2019-10-05";62;0;10;89;"SEDANG"
5;"2019-10-06";62;0;10;164;"TIDAK SEHAT"
5;"2019-10-07";67;0;10;100;"SEDANG"
5;"2019-10-08";70;0;13;138;"TIDAK SEHAT"
3;"2019-10-09";50;0;16;130;"TIDAK SEHAT"
5;"2019-10-10";73;0;0;173;"TIDAK SEHAT"
5;"2019-10-11";71;0;8;207;"SANGAT TIDAK SEHAT"
5;"2019-10-12";77;0;12;177;"TIDAK SEHAT"
5;"2019-10-13";70;0;7;173;"TIDAK SEHAT"
5;"2019-10-14";77;0;12;156;"TIDAK SEHAT"
5;"2019-10-15";59;0;5;178;"TIDAK SEHAT"
5;"2019-10-16";68;0;10;144;"TIDAK SEHAT"
5;"2019-10-17";60;0;6;156;"TIDAK SEHAT"
3;"2019-10-18";51;0;14;104;"TIDAK SEHAT"
3;"2019-10-19";58;0;19;78;"SEDANG"
5;"2019-10-20";66;0;9;147;"TIDAK SEHAT"
5;"2019-10-21";65;0;12;87;"SEDANG"
5;"2019-10-22";70;0;13;135;"TIDAK SEHAT"
5;"2019-10-23";69;0;11;140;"TIDAK SEHAT"
3;"2019-10-24";61;0;18;129;"TIDAK SEHAT"
4;"2019-10-25";65;0;11;172;"TIDAK SEHAT"
5;"2019-10-26";67;0;3;180;"TIDAK SEHAT"
5;"2019-10-27";75;0;10;153;"TIDAK SEHAT"
3;"2019-10-28";52;0;21;121;"TIDAK SEHAT"
3;"2019-10-29";55;0;23;97;"SEDANG"
5;"2019-10-30";66;0;8;171;"TIDAK SEHAT"
3;"2019-10-31";46;0;17;120;"TIDAK SEHAT"
2;"2019-11-01";55;0;9;120;"TIDAK SEHAT"
2;"2019-11-02";59;0;17;87;"SEDANG"
5;"2019-11-03";51;0;7;92;"SEDANG"
2;"2019-11-04";57;0;16;137;"TIDAK SEHAT"
5;"2019-11-05";58;0;11;193;"TIDAK SEHAT"
5;"2019-11-06";61;0;14;156;"TIDAK SEHAT"
5;"2019-11-07";58;0;8;209;"SANGAT TIDAK SEHAT"
4;"2019-11-08";72;0;17;150;"TIDAK SEHAT"
5;"2019-11-09";60;0;10;220;"SANGAT TIDAK SEHAT"
5;"2019-11-10";63;0;11;183;"TIDAK SEHAT"
4;"2019-11-11";65;0;10;162;"TIDAK SEHAT"
5;"2019-11-12";64;0;7;134;"TIDAK SEHAT"
5;"2019-11-13";73;0;0;125;"TIDAK SEHAT"
2;"2019-11-14";76;0;22;49;"SEDANG"
4;"2019-11-15";65;0;19;94;"SEDANG"
3;"2019-11-16";38;0;0;81;"SEDANG"
5;"2019-11-17";59;0;20;126;"TIDAK SEHAT"
5;"2019-11-18";60;0;17;165;"TIDAK SEHAT"
5;"2019-11-19";59;0;21;100;"SEDANG"
3;"2019-11-20";41;0;18;134;"TIDAK SEHAT"
2;"2019-11-21";72;0;14;103;"TIDAK SEHAT"
2;"2019-11-22";60;0;21;112;"TIDAK SEHAT"
5;"2019-11-23";85;0;34;146;"TIDAK SEHAT"
5;"2019-11-24";68;0;25;167;"TIDAK SEHAT"
5;"2019-11-25";64;0;21;160;"TIDAK SEHAT"
5;"2019-11-26";77;0;30;125;"TIDAK SEHAT"
5;"2019-11-27";70;0;29;101;"TIDAK SEHAT"
3;"2019-11-28";48;0;28;106;"TIDAK SEHAT"
4;"2019-11-29";53;0;14;124;"TIDAK SEHAT"
4;"2019-11-30";0;0;16;111;"TIDAK SEHAT"
4;"2019-12-01";0;0;26;117;"TIDAK SEHAT"
5;"2019-12-02";47;0;18;136;"TIDAK SEHAT"
5;"2019-12-03";63;0;21;107;"TIDAK SEHAT"
4;"2019-12-04";60;0;12;125;"TIDAK SEHAT"
4;"2019-12-05";38;0;12;143;"TIDAK SEHAT"
4;"2019-12-06";61;0;14;159;"TIDAK SEHAT"
4;"2019-12-07";45;0;9;86;"SEDANG"
4;"2019-12-08";0;0;22;120;"TIDAK SEHAT"
5;"2019-12-09";64;0;30;155;"TIDAK SEHAT"
4;"2019-12-10";0;0;14;91;"SEDANG"
5;"2019-12-11";74;0;31;184;"TIDAK SEHAT"
3;"2019-12-12";52;0;0;87;"SEDANG"
4;"2019-12-13";0;0;14;120;"TIDAK SEHAT"
3;"2019-12-14";42;0;23;94;"SEDANG"
5;"2019-12-15";52;0;18;99;"SEDANG"
5;"2019-12-16";64;0;22;88;"SEDANG"
5;"2019-12-17";55;0;20;75;"SEDANG"
5;"2019-12-18";45;0;25;140;"TIDAK SEHAT"
4;"2019-12-19";64;0;16;96;"SEDANG"
3;"2019-12-20";54;0;30;99;"SEDANG"
4;"2019-12-21";68;0;24;109;"TIDAK SEHAT"
5;"2019-12-22";50;0;21;94;"SEDANG"
5;"2019-12-23";58;0;30;99;"SEDANG"
5;"2019-12-24";57;0;34;105;"TIDAK SEHAT"
5;"2019-12-25";53;0;21;73;"SEDANG"
5;"2019-12-26";51;0;22;91;"SEDANG"
4;"2019-12-27";55;0;17;84;"SEDANG"
2;"2019-12-28";64;0;25;40;"SEDANG"
5;"2019-12-29";56;0;27;69;"SEDANG"
2;"2019-12-30";66;0;28;89;"SEDANG"
3;"2019-12-31";52;0;23;55;"SEDANG"
5;"2020-01-01";35;0;18;46;"BAIK"
5;"2020-01-02";22;0;24;102;"TIDAK SEHAT"
5;"2020-01-03";44;0;21;63;"SEDANG"
5;"2020-01-04";40;0;19;85;"SEDANG"
5;"2020-01-05";37;0;18;62;"SEDANG"
5;"2020-01-06";58;0;28;64;"SEDANG"
5;"2020-01-07";36;0;39;66;"SEDANG"
5;"2020-01-08";49;0;22;70;"SEDANG"
4;"2020-01-09";82;0;31;30;"SEDANG"
5;"2020-01-10";25;0;17;47;"BAIK"
5;"2020-01-11";36;0;22;80;"SEDANG"
5;"2020-01-12";24;0;13;46;"BAIK"
4;"2020-01-13";33;0;11;51;"SEDANG"
4;"2020-01-14";32;0;11;48;"BAIK"
3;"2020-01-15";44;0;16;63;"SEDANG"
3;"2020-01-16";67;0;41;78;"SEDANG"
4;"2020-01-17";71;0;36;125;"TIDAK SEHAT"
4;"2020-01-18";59;0;15;75;"SEDANG"
3;"2020-01-19";76;0;62;110;"TIDAK SEHAT"
3;"2020-01-20";50;0;20;65;"SEDANG"
3;"2020-01-21";62;0;41;50;"SEDANG"
4;"2020-01-22";82;0;25;53;"SEDANG"
4;"2020-01-23";60;0;20;44;"SEDANG"
4;"2020-01-24";71;0;22;29;"SEDANG"
5;"2020-01-25";36;0;27;80;"SEDANG"
5;"2020-01-26";57;0;42;89;"SEDANG"
2;"2020-01-27";48;0;10;83;"SEDANG"
3;"2020-01-28";62;0;39;74;"SEDANG"
4;"2020-01-29";63;0;27;92;"SEDANG"
4;"2020-01-30";33;0;14;80;"SEDANG"
4;"2020-01-31";56;0;18;37;"SEDANG"
5;"2020-02-01";37;0;28;73;"SEDANG"
5;"2020-02-02";33;0;27;64;"SEDANG"
4;"2020-02-03";59;0;40;35;"SEDANG"
3;"2020-02-04";40;0;53;38;"SEDANG"
3;"2020-02-05";67;0;57;49;"SEDANG"
2;"2020-02-06";63;0;19;42;"SEDANG"
5;"2020-02-07";55;0;22;46;"SEDANG"
4;"2020-02-08";74;0;11;66;"SEDANG"
5;"2020-02-09";48;0;24;50;"BAIK"
2;"2020-02-10";43;0;20;91;"SEDANG"
4;"2020-02-11";69;0;24;98;"SEDANG"
3;"2020-02-12";48;0;19;126;"TIDAK SEHAT"
5;"2020-02-13";44;0;19;83;"SEDANG"
4;"2020-02-14";81;0;19;0;"SEDANG"
4;"2020-02-15";74;0;47;191;"TIDAK SEHAT"
4;"2020-02-16";67;0;27;118;"TIDAK SEHAT"
4;"2020-02-17";43;0;22;170;"TIDAK SEHAT"
5;"2020-02-18";50;0;55;182;"TIDAK SEHAT"
5;"2020-02-19";48;0;21;62;"SEDANG"
5;"2020-02-20";21;0;14;73;"SEDANG"
4;"2020-02-21";34;0;22;80;"SEDANG"
4;"2020-02-22";58;0;34;85;"SEDANG"
5;"2020-02-23";21;0;12;88;"SEDANG"
5;"2020-02-24";18;0;11;89;"SEDANG"
4;"2020-02-25";40;0;15;92;"SEDANG"
4;"2020-02-26";52;0;21;89;"SEDANG"
4;"2020-02-27";54;0;20;84;"SEDANG"
5;"2020-02-28";18;0;17;121;"TIDAK SEHAT"
5;"2020-02-29";40;0;39;144;"TIDAK SEHAT"
5;"2020-03-01";22;0;35;213;"SANGAT TIDAK SEHAT"
5;"2020-03-02";22;0;0;201;"SANGAT TIDAK SEHAT"
5;"2020-03-03";54;0;39;152;"TIDAK SEHAT"
5;"2020-03-04";59;0;32;206;"SANGAT TIDAK SEHAT"
5;"2020-03-05";24;0;52;95;"SEDANG"
4;"2020-03-06";44;0;10;100;"SEDANG"
4;"2020-03-07";50;0;0;74;"SEDANG"
4;"2020-03-08";53;0;18;86;"SEDANG"
4;"2020-03-09";50;0;0;72;"SEDANG"
4;"2020-03-10";43;0;6;55;"SEDANG"
4;"2020-03-11";43;0;0;108;"TIDAK SEHAT"
5;"2020-03-12";44;0;58;72;"SEDANG"
4;"2020-03-13";53;0;0;110;"TIDAK SEHAT"
4;"2020-03-14";89;0;28;197;"TIDAK SEHAT"
4;"2020-03-15";69;0;21;131;"TIDAK SEHAT"
4;"2020-03-16";59;0;18;133;"TIDAK SEHAT"
4;"2020-03-17";101;0;16;129;"TIDAK SEHAT"
4;"2020-03-18";57;0;13;108;"TIDAK SEHAT"
5;"2020-03-19";69;0;33;99;"SEDANG"
2;"2020-03-20";45;0;15;109;"TIDAK SEHAT"
5;"2020-03-21";42;0;15;84;"SEDANG"
5;"2020-03-22";27;0;5;71;"SEDANG"
5;"2020-03-23";52;0;14;105;"TIDAK SEHAT"
5;"2020-03-24";70;0;25;93;"SEDANG"
5;"2020-03-25";34;0;6;99;"SEDANG"
3;"2020-03-26";44;0;22;68;"SEDANG"
5;"2020-03-27";40;0;6;117;"TIDAK SEHAT"
2;"2020-03-28";63;0;16;124;"TIDAK SEHAT"
5;"2020-03-29";65;0;11;91;"SEDANG"
2;"2020-03-30";59;0;13;106;"TIDAK SEHAT"
5;"2020-03-31";47;0;14;96;"SEDANG"
5;"2020-04-01";38;0;17;129;"TIDAK SEHAT"
2;"2020-04-02";34;0;5;57;"SEDANG"
2;"2020-04-03";32;0;7;62;"SEDANG"
2;"2020-04-04";48;0;11;83;"SEDANG"
5;"2020-04-05";49;0;8;103;"TIDAK SEHAT"
5;"2020-04-06";50;0;10;73;"SEDANG"
5;"2020-04-07";25;0;11;56;"SEDANG"
5;"2020-04-08";20;0;5;69;"SEDANG"
5;"2020-04-09";51;0;12;73;"SEDANG"
5;"2020-04-10";60;0;15;132;"TIDAK SEHAT"
5;"2020-04-11";41;0;8;135;"TIDAK SEHAT"
5;"2020-04-12";68;0;19;136;"TIDAK SEHAT"
5;"2020-04-13";36;0;7;86;"SEDANG"
5;"2020-04-14";40;0;11;109;"TIDAK SEHAT"
5;"2020-04-15";42;0;8;109;"TIDAK SEHAT"
5;"2020-04-16";42;0;10;87;"SEDANG"
3;"2020-04-17";51;0;19;92;"SEDANG"
5;"2020-04-18";53;0;12;100;"SEDANG"
5;"2020-04-19";62;0;15;147;"TIDAK SEHAT"
5;"2020-04-20";51;0;7;116;"TIDAK SEHAT"
4;"2020-04-21";69;0;14;57;"SEDANG"
4;"2020-04-22";111;0;25;58;"TIDAK SEHAT"
5;"2020-04-23";43;0;11;88;"SEDANG"
4;"2020-04-24";71;0;0;42;"SEDANG"
5;"2020-04-25";49;0;15;77;"SEDANG"
5;"2020-04-26";61;0;16;101;"TIDAK SEHAT"
5;"2020-04-27";34;0;6;131;"TIDAK SEHAT"
5;"2020-04-28";46;0;14;82;"SEDANG"
5;"2020-04-29";51;0;16;85;"SEDANG"
4;"2020-04-30";80;0;26;44;"SEDANG"
5;"2020-05-01";52;0;17;83;"SEDANG"
5;"2020-05-02";33;0;8;80;"SEDANG"
5;"2020-05-03";65;0;32;48;"SEDANG"
5;"2020-05-04";36;0;7;75;"SEDANG"
5;"2020-05-05";38;0;7;73;"SEDANG"
5;"2020-05-06";41;0;8;63;"SEDANG"
5;"2020-05-07";41;0;14;69;"SEDANG"
5;"2020-05-08";63;0;14;120;"TIDAK SEHAT"
4;"2020-05-09";77;0;22;36;"SEDANG"
5;"2020-05-10";58;0;18;81;"SEDANG"
5;"2020-05-11";41;0;11;83;"SEDANG"
5;"2020-05-12";44;0;10;81;"SEDANG"
5;"2020-05-13";37;0;8;79;"SEDANG"
3;"2020-05-14";57;0;17;64;"SEDANG"
2;"2020-05-15";66;0;9;57;"SEDANG"
5;"2020-05-16";55;0;10;77;"SEDANG"
5;"2020-05-17";57;0;14;122;"TIDAK SEHAT"
5;"2020-05-18";50;0;8;79;"SEDANG"
5;"2020-05-19";34;0;13;119;"TIDAK SEHAT"
4;"2020-05-20";61;0;11;73;"SEDANG"
2;"2020-05-21";33;0;9;79;"SEDANG"
5;"2020-05-22";51;0;15;88;"SEDANG"
5;"2020-05-23";36;0;9;87;"SEDANG"
2;"2020-05-24";50;0;17;65;"SEDANG"
4;"2020-05-25";50;0;10;28;"BAIK"
4;"2020-05-26";52;0;14;40;"SEDANG"
2;"2020-05-27";28;0;7;76;"SEDANG"
5;"2020-05-28";32;0;7;136;"TIDAK SEHAT"
5;"2020-05-29";48;0;9;134;"TIDAK SEHAT"
5;"2020-05-30";48;0;18;73;"SEDANG"
5;"2020-05-31";52;0;17;66;"SEDANG"
5;"2020-06-01";59;0;19;69;"SEDANG"
5;"2020-06-02";42;0;9;57;"SEDANG"
5;"2020-06-03";40;0;10;48;"BAIK"
3;"2020-06-04";56;0;18;36;"SEDANG"
5;"2020-06-05";55;0;14;96;"SEDANG"
5;"2020-06-06";59;0;14;98;"SEDANG"
3;"2020-06-07";53;0;19;96;"SEDANG"
4;"2020-06-08";72;0;13;45;"SEDANG"
4;"2020-06-09";81;0;19;57;"SEDANG"
1;"2020-06-10";67;0;10;34;"SEDANG"
5;"2020-06-11";13;0;8;79;"SEDANG"
5;"2020-06-12";5;0;8;97;"SEDANG"
5;"2020-06-13";53;0;10;99;"SEDANG"
5;"2020-06-14";54;0;12;97;"SEDANG"
5;"2020-06-15";60;0;10;95;"SEDANG"
4;"2020-06-16";74;0;13;43;"SEDANG"
2;"2020-06-17";74;0;12;53;"SEDANG"
5;"2020-06-18";57;0;14;79;"SEDANG"
5;"2020-06-19";57;0;12;75;"SEDANG"
5;"2020-06-20";60;0;19;92;"SEDANG"
5;"2020-06-21";57;0;14;90;"SEDANG"
3;"2020-06-22";71;0;19;53;"SEDANG"
2;"2020-06-23";58;0;10;70;"SEDANG"
2;"2020-06-24";58;0;11;124;"TIDAK SEHAT"
5;"2020-06-25";76;0;38;85;"SEDANG"
5;"2020-06-26";71;0;23;97;"SEDANG"
2;"2020-06-27";75;0;11;64;"SEDANG"
3;"2020-06-28";70;0;16;81;"SEDANG"
5;"2020-06-29";56;0;10;90;"SEDANG"
5;"2020-06-30";67;0;16;86;"SEDANG"
5;"2020-07-01";55;0;9;94;"SEDANG"
2;"2020-07-02";79;0;14;64;"SEDANG"
3;"2020-07-03";58;0;23;88;"SEDANG"
3;"2020-07-04";48;0;16;71;"SEDANG"
4;"2020-07-05";67;0;9;45;"SEDANG"
2;"2020-07-06";75;0;12;53;"SEDANG"
5;"2020-07-07";42;0;11;63;"SEDANG"
5;"2020-07-08";53;0;12;90;"SEDANG"
2;"2020-07-09";60;0;12;102;"TIDAK SEHAT"
3;"2020-07-10";65;0;21;113;"TIDAK SEHAT"
3;"2020-07-11";71;0;20;111;"TIDAK SEHAT"
5;"2020-07-12";0;0;20;79;"SEDANG"
3;"2020-07-13";64;0;20;71;"SEDANG"
2;"2020-07-14";69;0;9;71;"SEDANG"
4;"2020-07-15";63;0;11;47;"SEDANG"
2;"2020-07-16";55;0;7;44;"SEDANG"
5;"2020-07-17";48;0;11;68;"SEDANG"
5;"2020-07-18";52;0;11;84;"SEDANG"
5;"2020-07-19";63;0;19;90;"SEDANG"
5;"2020-07-20";60;0;13;119;"TIDAK SEHAT"
5;"2020-07-21";87;0;48;95;"SEDANG"
5;"2020-07-22";50;0;12;75;"SEDANG"
5;"2020-07-23";63;0;15;130;"TIDAK SEHAT"
5;"2020-07-24";67;0;18;98;"SEDANG"
5;"2020-07-25";59;0;10;92;"SEDANG"
3;"2020-07-26";56;0;11;79;"SEDANG"
5;"2020-07-27";53;0;11;89;"SEDANG"
5;"2020-07-28";70;0;21;160;"TIDAK SEHAT"
5;"2020-07-29";67;0;17;164;"TIDAK SEHAT"
3;"2020-07-30";67;0;14;136;"TIDAK SEHAT"
2;"2020-07-31";59;0;8;115;"TIDAK SEHAT"
5;"2020-08-01";63;0;16;134;"TIDAK SEHAT"
2;"2020-08-02";78;0;23;102;"TIDAK SEHAT"
4;"2020-08-03";95;0;18;84;"SEDANG"
5;"2020-08-04";54;0;12;91;"SEDANG"
4;"2020-08-05";86;0;13;81;"SEDANG"
5;"2020-08-06";63;0;15;108;"TIDAK SEHAT"
5;"2020-08-07";58;0;11;119;"TIDAK SEHAT"
4;"2020-08-08";79;0;9;70;"SEDANG"
5;"2020-08-09";50;0;11;82;"SEDANG"
4;"2020-08-10";81;0;10;62;"SEDANG"
4;"2020-08-11";96;0;11;47;"SEDANG"
4;"2020-08-12";93;0;37;52;"SEDANG"
4;"2020-08-13";81;0;16;37;"SEDANG"
5;"2020-08-14";41;0;17;68;"SEDANG"
5;"2020-08-15";57;0;23;59;"SEDANG"
3;"2020-08-16";46;0;20;68;"SEDANG"
5;"2020-08-17";46;0;11;67;"SEDANG"
5;"2020-08-18";57;0;18;99;"SEDANG"
3;"2020-08-19";60;0;29;82;"SEDANG"
3;"2020-08-20";57;0;18;64;"SEDANG"
4;"2020-08-21";71;0;5;44;"SEDANG"
4;"2020-08-22";84;0;13;49;"SEDANG"
5;"2020-08-23";64;0;27;88;"SEDANG"
4;"2020-08-24";79;0;15;45;"SEDANG"
5;"2020-08-25";58;0;13;75;"SEDANG"
5;"2020-08-26";51;0;9;100;"SEDANG"
5;"2020-08-27";51;0;8;80;"SEDANG"
4;"2020-08-28";84;0;14;56;"SEDANG"
5;"2020-08-29";54;0;12;71;"SEDANG"
5;"2020-08-30";55;0;14;79;"SEDANG"
5;"2020-08-31";57;0;12;134;"TIDAK SEHAT"
2;"2020-09-01";69;0;8;70;"SEDANG"
2;"2020-09-02";72;0;10;122;"TIDAK SEHAT"
2;"2020-09-03";80;0;12;94;"SEDANG"
3;"2020-09-04";56;0;16;54;"SEDANG"
5;"2020-09-05";58;0;11;123;"TIDAK SEHAT"
5;"2020-09-06";58;0;14;140;"TIDAK SEHAT"
5;"2020-09-07";62;0;9;113;"TIDAK SEHAT"
2;"2020-09-08";64;0;6;59;"SEDANG"
3;"2020-09-09";54;0;11;62;"SEDANG"
5;"2020-09-10";57;0;10;141;"TIDAK SEHAT"
5;"2020-09-11";64;0;20;109;"TIDAK SEHAT"
2;"2020-09-12";60;0;7;132;"TIDAK SEHAT"
2;"2020-09-13";66;0;7;130;"TIDAK SEHAT"
2;"2020-09-14";72;0;7;89;"TIDAK SEHAT"
5;"2020-09-15";46;0;11;99;"SEDANG"
5;"2020-09-16";50;0;12;117;"TIDAK SEHAT"
5;"2020-09-17";43;0;7;86;"SEDANG"
3;"2020-09-18";56;0;17;70;"SEDANG"
3;"2020-09-19";56;0;16;65;"SEDANG"
3;"2020-09-20";56;0;16;48;"SEDANG"
5;"2020-09-21";42;0;18;91;"SEDANG"
5;"2020-09-22";36;0;10;84;"SEDANG"
5;"2020-09-23";54;0;22;162;"TIDAK SEHAT"
3;"2020-09-24";51;0;16;128;"TIDAK SEHAT"
3;"2020-09-25";52;0;17;114;"TIDAK SEHAT"
5;"2020-09-26";66;0;18;118;"TIDAK SEHAT"
5;"2020-09-27";61;0;17;98;"SEDANG"
5;"2020-09-28";41;0;9;97;"SEDANG"
4;"2020-09-29";68;0;6;97;"SEDANG"
3;"2020-09-30";50;0;12;82;"SEDANG"
3;"2020-10-01";52;0;15;62;"SEDANG"
3;"2020-10-02";52;0;16;74;"SEDANG"
2;"2020-10-03";55;0;15;89;"SEDANG"
2;"2020-10-04";59;0;12;95;"SEDANG"
2;"2020-10-05";44;0;7;128;"TIDAK SEHAT"
2;"2020-10-06";51;0;6;110;"TIDAK SEHAT"
2;"2020-10-07";57;0;9;92;"SEDANG"
2;"2020-10-08";55;0;7;109;"TIDAK SEHAT"
1;"2020-10-09";60;0;7;87;"SEDANG"
1;"2020-10-10";53;0;7;60;"SEDANG"
2;"2020-10-11";51;0;8;95;"SEDANG"
2;"2020-10-12";57;0;11;116;"TIDAK SEHAT"
3;"2020-10-13";52;0;30;92;"TIDAK SEHAT"
3;"2020-10-14";56;0;25;94;"SEDANG"
3;"2020-10-15";62;0;19;97;"TIDAK SEHAT"
2;"2020-10-16";61;0;10;110;"TIDAK SEHAT"
2;"2020-10-17";64;0;17;99;"SEDANG"
2;"2020-10-18";60;0;12;71;"SEDANG"
2;"2020-10-19";62;0;13;71;"SEDANG"
2;"2020-10-20";63;0;13;68;"SEDANG"
3;"2020-10-21";44;0;15;99;"SEDANG"
2;"2020-10-22";53;0;12;68;"SEDANG"
3;"2020-10-23";39;0;10;32;"SEDANG"
3;"2020-10-24";39;0;10;100;"SEDANG"
2;"2020-10-25";46;0;10;83;"SEDANG"
2;"2020-10-26";53;0;11;99;"SEDANG"
2;"2020-10-27";52;0;14;98;"SEDANG"
2;"2020-10-28";66;0;18;82;"SEDANG"
2;"2020-10-29";57;0;13;60;"SEDANG"
2;"2020-10-30";59;0;8;58;"SEDANG"
2;"2020-10-31";44;0;6;67;"SEDANG"
4;"2020-11-01";53;0;16;55;"SEDANG"
4;"2020-11-02";49;0;8;38;"BAIK"
5;"2020-11-03";40;0;12;84;"SEDANG"
5;"2020-11-04";43;0;9;146;"TIDAK SEHAT"
5;"2020-11-05";58;0;19;67;"SEDANG"
4;"2020-11-06";80;0;22;62;"SEDANG"
5;"2020-11-07";54;0;16;85;"SEDANG"
4;"2020-11-08";67;0;30;55;"SEDANG"
5;"2020-11-09";63;0;29;115;"TIDAK SEHAT"
5;"2020-11-10";60;0;22;83;"SEDANG"
5;"2020-11-11";59;0;24;111;"TIDAK SEHAT"
5;"2020-11-12";57;0;12;69;"SEDANG"
4;"2020-11-13";57;0;5;42;"SEDANG"
5;"2020-11-14";50;0;14;135;"TIDAK SEHAT"
4;"2020-11-15";59;0;7;50;"SEDANG"
4;"2020-11-16";64;0;9;47;"SEDANG"
4;"2020-11-17";60;0;14;88;"SEDANG"
5;"2020-11-18";55;0;11;104;"TIDAK SEHAT"
5;"2020-11-19";59;0;22;115;"TIDAK SEHAT"
4;"2020-11-20";62;0;7;42;"SEDANG"
4;"2020-11-21";67;0;31;44;"SEDANG"
4;"2020-11-22";66;0;41;57;"SEDANG"
4;"2020-11-23";69;0;23;64;"SEDANG"
5;"2020-11-24";36;0;9;71;"SEDANG"
4;"2020-11-25";52;0;21;46;"SEDANG"
4;"2020-11-26";60;0;23;93;"SEDANG"
4;"2020-11-27";47;0;8;78;"SEDANG"
5;"2020-11-28";36;0;11;84;"SEDANG"
4;"2020-11-29";46;0;9;58;"SEDANG"
4;"2020-11-30";22;0;6;23;"BAIK"
3;"2020-12-01";47;0;15;17;"SEDANG"
3;"2020-12-02";51;0;7;27;"SEDANG"
2;"2020-12-03";32;0;9;68;"SEDANG"
3;"2020-12-04";46;0;6;30;"SEDANG"
5;"2020-12-05";25;0;5;48;"BAIK"
2;"2020-12-06";35;0;8;34;"SEDANG"
3;"2020-12-07";22;0;6;20;"BAIK"
1;"2020-12-08";36;0;8;23;"SEDANG"
1;"2020-12-09";32;0;5;25;"BAIK"
1;"2020-12-10";32;0;4;25;"BAIK"
3;"2020-12-11";34;0;12;38;"SEDANG"
3;"2020-12-12";38;0;7;23;"SEDANG"
2;"2020-12-13";29;0;7;40;"BAIK"
2;"2020-12-14";27;0;7;54;"SEDANG"
3;"2020-12-15";45;0;0;0;"SEDANG"
3;"2020-12-16";32;0;13;12;"SEDANG"
2;"2020-12-17";25;0;6;45;"BAIK"
2;"2020-12-18";26;0;5;46;"BAIK"
3;"2020-12-19";39;0;12;33;"SEDANG"
2;"2020-12-20";38;0;8;39;"SEDANG"
4;"2020-12-21";16;0;6;15;"BAIK"
3;"2020-12-22";40;0;10;20;"SEDANG"
3;"2020-12-23";68;0;25;29;"TIDAK SEHAT"
3;"2020-12-24";52;0;9;42;"SEDANG"
3;"2020-12-25";39;0;7;28;"SEDANG"
3;"2020-12-26";37;0;5;27;"SEDANG"
3;"2020-12-27";44;0;8;48;"SEDANG"
3;"2020-12-28";45;0;12;53;"SEDANG"
2;"2020-12-29";26;0;4;45;"BAIK"
2;"2020-12-30";25;0;6;54;"SEDANG"
2;"2020-12-31";33;0;11;64;"SEDANG"
2;"2021-01-01";38;58;11;65;"SEDANG"
3;"2021-01-02";58;86;22;38;"SEDANG"
3;"2021-01-03";64;93;20;35;"SEDANG"
2;"2021-01-04";30;49;9;77;"SEDANG"
3;"2021-01-05";59;89;19;42;"SEDANG"
2;"2021-01-06";48;60;12;85;"SEDANG"
2;"2021-01-07";35;50;9;72;"SEDANG"
2;"2021-01-08";38;55;11;71;"SEDANG"
2;"2021-01-09";51;67;27;80;"SEDANG"
2;"2021-01-10";24;39;10;59;"SEDANG"
3;"2021-01-11";0;72;15;56;"SEDANG"
2;"2021-01-12";27;51;7;77;"SEDANG"
2;"2021-01-13";33;44;10;68;"SEDANG"
3;"2021-01-14";29;78;14;40;"SEDANG"
3;"2021-01-15";24;82;16;64;"SEDANG"
3;"2021-01-16";70;92;16;60;"SEDANG"
2;"2021-01-17";55;75;10;93;"SEDANG"
2;"2021-01-18";35;49;5;78;"SEDANG"
2;"2021-01-19";31;42;6;58;"SEDANG"
2;"2021-01-20";42;45;6;72;"SEDANG"
2;"2021-01-21";46;44;9;67;"SEDANG"
3;"2021-01-22";84;112;33;57;"TIDAK SEHAT"
3;"2021-01-23";89;126;42;64;"TIDAK SEHAT"
3;"2021-01-24";64;90;31;34;"SEDANG"
2;"2021-01-25";62;86;26;134;"TIDAK SEHAT"
3;"2021-01-26";54;79;15;50;"SEDANG"
2;"2021-01-27";21;29;7;63;"SEDANG"
2;"2021-01-28";28;49;10;53;"SEDANG"
2;"2021-01-29";28;49;7;65;"SEDANG"
2;"2021-01-30";27;39;10;64;"SEDANG"
2;"2021-01-31";38;55;11;68;"SEDANG"
5;"2021-02-01";70;126;26;15;"TIDAK SEHAT"
3;"2021-02-02";53;70;10;27;"SEDANG"
3;"2021-02-03";32;53;6;24;"SEDANG"
5;"2021-02-04";32;59;9;14;"SEDANG"
3;"2021-02-05";27;51;10;24;"SEDANG"
2;"2021-02-06";30;38;0;57;"SEDANG"
2;"2021-02-07";28;30;0;57;"SEDANG"
2;"2021-02-08";26;31;0;54;"SEDANG"
4;"2021-02-09";31;57;13;19;"SEDANG"
3;"2021-02-10";50;64;11;23;"SEDANG"
3;"2021-02-11";38;57;6;18;"SEDANG"
3;"2021-02-12";63;98;13;20;"SEDANG"
3;"2021-02-13";59;89;12;30;"SEDANG"
3;"2021-02-14";55;73;11;35;"SEDANG"
4;"2021-02-15";42;66;11;25;"SEDANG"
4;"2021-02-16";43;63;11;23;"SEDANG"
5;"2021-02-17";44;71;25;14;"SEDANG"
3;"2021-02-18";53;70;8;26;"SEDANG"
5;"2021-02-19";27;52;16;14;"SEDANG"
4;"2021-02-20";33;63;12;24;"SEDANG"
5;"2021-02-21";29;52;8;18;"SEDANG"
3;"2021-02-22";68;103;22;30;"TIDAK SEHAT"
3;"2021-02-23";66;90;12;29;"SEDANG"
4;"2021-02-24";42;61;9;13;"SEDANG"
3;"2021-02-25";27;54;6;24;"SEDANG"
4;"2021-02-26";48;75;11;23;"SEDANG"
4;"2021-02-27";59;94;13;30;"SEDANG"
4;"2021-02-28";68;113;18;24;"TIDAK SEHAT"
3;"2021-03-01";62;97;13;21;"SEDANG"
4;"2021-03-02";46;81;17;29;"SEDANG"
3;"2021-03-03";57;83;18;38;"SEDANG"
4;"2021-03-04";62;103;19;33;"TIDAK SEHAT"
2;"2021-03-05";65;81;16;59;"SEDANG"
4;"2021-03-06";61;95;22;32;"SEDANG"
5;"2021-03-07";59;103;18;22;"TIDAK SEHAT"
4;"2021-03-08";58;81;16;19;"SEDANG"
3;"2021-03-09";41;63;7;19;"SEDANG"
5;"2021-03-10";53;91;21;17;"SEDANG"
4;"2021-03-11";28;53;9;25;"SEDANG"
3;"2021-03-12";66;99;13;29;"SEDANG"
3;"2021-03-13";53;72;7;23;"SEDANG"
3;"2021-03-14";52;73;10;16;"SEDANG"
5;"2021-03-15";55;92;17;18;"SEDANG"
4;"2021-03-16";57;101;13;37;"TIDAK SEHAT"
4;"2021-03-17";68;123;20;37;"TIDAK SEHAT"
4;"2021-03-18";68;125;16;37;"TIDAK SEHAT"
5;"2021-03-19";58;96;10;33;"SEDANG"
3;"2021-03-20";65;106;12;45;"TIDAK SEHAT"
3;"2021-03-21";81;118;15;37;"TIDAK SEHAT"
3;"2021-03-22";62;93;15;36;"SEDANG"
3;"2021-03-23";51;77;9;27;"SEDANG"
3;"2021-03-24";43;64;6;27;"SEDANG"
4;"2021-03-25";36;68;8;19;"SEDANG"
4;"2021-03-26";52;83;17;31;"SEDANG"
4;"2021-03-27";58;91;13;35;"SEDANG"
5;"2021-03-28";50;78;12;34;"SEDANG"
5;"2021-03-29";54;91;17;29;"SEDANG"
4;"2021-03-30";41;76;14;21;"SEDANG"
4;"2021-03-31";48;69;12;25;"SEDANG"
3;"2021-04-01";28;52;5;35;"SEDANG"
3;"2021-04-02";51;70;8;37;"SEDANG"
4;"2021-04-03";39;67;9;22;"SEDANG"
3;"2021-04-04";68;103;28;0;"TIDAK SEHAT"
3;"2021-04-05";61;85;11;0;"SEDANG"
2;"2021-04-06";43;61;10;36;"SEDANG"
2;"2021-04-07";30;52;9;43;"SEDANG"
2;"2021-04-08";39;57;10;40;"SEDANG"
5;"2021-04-09";52;77;7;18;"SEDANG"
3;"2021-04-10";64;101;16;0;"TIDAK SEHAT"
4;"2021-04-11";66;108;18;35;"TIDAK SEHAT"
2;"2021-04-12";69;93;20;54;"SEDANG"
2;"2021-04-13";70;82;14;64;"SEDANG"
2;"2021-04-14";65;81;16;65;"SEDANG"
5;"2021-04-15";54;88;24;30;"SEDANG"
2;"2021-04-16";69;94;17;50;"SEDANG"
5;"2021-04-17";67;118;16;28;"TIDAK SEHAT"
5;"2021-04-18";55;93;11;32;"SEDANG"
5;"2021-04-19";62;108;13;32;"TIDAK SEHAT"
2;"2021-04-20";64;94;0;55;"SEDANG"
5;"2021-04-21";62;105;15;25;"TIDAK SEHAT"
4;"2021-04-22";60;99;10;34;"SEDANG"
4;"2021-04-23";67;112;13;31;"TIDAK SEHAT"
2;"2021-04-24";88;115;17;73;"TIDAK SEHAT"
4;"2021-04-25";73;116;17;20;"TIDAK SEHAT"
4;"2021-04-26";64;117;11;22;"TIDAK SEHAT"
4;"2021-04-27";75;138;11;27;"TIDAK SEHAT"
4;"2021-04-28";55;94;9;28;"SEDANG"
2;"2021-04-29";69;85;15;44;"SEDANG"
2;"2021-04-30";71;91;14;55;"SEDANG"
3;"2021-05-01";66;102;15;0;"TIDAK SEHAT"
4;"2021-05-02";54;89;0;22;"SEDANG"
4;"2021-05-03";61;95;0;22;"SEDANG"
4;"2021-05-04";74;113;15;17;"TIDAK SEHAT"
4;"2021-05-05";73;117;20;21;"TIDAK SEHAT"
4;"2021-05-06";54;77;7;27;"SEDANG"
3;"2021-05-07";39;69;15;151;"TIDAK SEHAT"
4;"2021-05-08";56;87;9;29;"SEDANG"
4;"2021-05-09";46;66;6;31;"SEDANG"
3;"2021-05-10";46;76;8;66;"SEDANG"
4;"2021-05-11";65;102;8;31;"TIDAK SEHAT"
4;"2021-05-12";67;105;9;27;"TIDAK SEHAT"
5;"2021-05-13";65;115;14;31;"TIDAK SEHAT"
5;"2021-05-14";51;81;7;32;"SEDANG"
4;"2021-05-15";62;89;0;16;"SEDANG"
4;"2021-05-16";54;92;0;25;"SEDANG"
5;"2021-05-17";45;75;10;29;"SEDANG"
3;"2021-05-18";0;58;6;25;"SEDANG"
4;"2021-05-19";61;99;10;25;"SEDANG"
4;"2021-05-20";60;103;9;29;"TIDAK SEHAT"
4;"2021-05-21";55;95;9;27;"SEDANG"
2;"2021-05-22";64;90;15;66;"SEDANG"
5;"2021-05-23";63;109;23;27;"TIDAK SEHAT"
4;"2021-05-24";72;118;26;33;"TIDAK SEHAT"
5;"2021-05-25";44;70;9;30;"SEDANG"
4;"2021-05-26";55;93;9;28;"SEDANG"
4;"2021-05-27";50;79;6;26;"SEDANG"
4;"2021-05-28";56;93;11;26;"SEDANG"
4;"2021-05-29";57;91;10;29;"SEDANG"
4;"2021-05-30";47;72;15;26;"SEDANG"
4;"2021-05-31";59;93;9;37;"SEDANG"
3;"2021-06-01";73;105;12;0;"TIDAK SEHAT"
4;"2021-06-02";63;100;0;36;"SEDANG"
2;"2021-06-03";68;93;16;61;"SEDANG"
4;"2021-06-04";62;100;7;41;"SEDANG"
4;"2021-06-05";57;93;11;36;"SEDANG"
3;"2021-06-06";63;95;11;26;"SEDANG"
4;"2021-06-07";50;86;9;37;"SEDANG"
4;"2021-06-08";62;103;0;30;"TIDAK SEHAT"
4;"2021-06-09";68;108;0;27;"TIDAK SEHAT"
4;"2021-06-10";68;108;9;32;"TIDAK SEHAT"
4;"2021-06-11";64;99;9;35;"SEDANG"
4;"2021-06-12";55;93;13;30;"SEDANG"
4;"2021-06-13";49;80;12;32;"SEDANG"
4;"2021-06-14";63;103;13;28;"TIDAK SEHAT"
3;"2021-06-15";73;114;9;24;"TIDAK SEHAT"
5;"2021-06-16";58;97;25;9;"SEDANG"
4;"2021-06-17";64;102;28;20;"TIDAK SEHAT"
4;"2021-06-18";67;102;19;18;"TIDAK SEHAT"
4;"2021-06-19";56;102;19;15;"TIDAK SEHAT"
4;"2021-06-20";74;140;22;20;"TIDAK SEHAT"
4;"2021-06-21";51;90;14;19;"SEDANG"
4;"2021-06-22";47;84;16;21;"SEDANG"
4;"2021-06-23";58;107;14;23;"TIDAK SEHAT"
4;"2021-06-24";66;119;15;16;"TIDAK SEHAT"
4;"2021-06-25";82;147;18;20;"TIDAK SEHAT"
4;"2021-06-26";67;118;10;26;"TIDAK SEHAT"
4;"2021-06-27";72;134;18;29;"TIDAK SEHAT"
4;"2021-06-28";60;117;18;30;"TIDAK SEHAT"
5;"2021-06-29";72;128;24;21;"TIDAK SEHAT"
4;"2021-06-30";65;125;14;21;"TIDAK SEHAT"
4;"2021-07-01";62;114;13;23;"TIDAK SEHAT"
4;"2021-07-02";59;108;10;18;"TIDAK SEHAT"
4;"2021-07-03";72;141;13;25;"TIDAK SEHAT"
4;"2021-07-04";84;161;14;27;"TIDAK SEHAT"
4;"2021-07-05";83;153;13;31;"TIDAK SEHAT"
3;"2021-07-06";68;102;7;32;"TIDAK SEHAT"
4;"2021-07-07";69;130;12;26;"TIDAK SEHAT"
4;"2021-07-08";74;145;10;29;"TIDAK SEHAT"
4;"2021-07-09";87;156;11;30;"TIDAK SEHAT"
4;"2021-07-10";71;132;9;29;"TIDAK SEHAT"
4;"2021-07-11";66;119;10;21;"TIDAK SEHAT"
2;"2021-07-12";64;0;9;44;"SEDANG"
2;"2021-07-13";78;119;11;43;"TIDAK SEHAT"
4;"2021-07-14";57;116;13;20;"TIDAK SEHAT"
4;"2021-07-15";95;174;15;22;"TIDAK SEHAT"
4;"2021-07-16";71;138;11;24;"TIDAK SEHAT"
4;"2021-07-17";73;134;9;26;"TIDAK SEHAT"
4;"2021-07-18";75;150;12;32;"TIDAK SEHAT"
4;"2021-07-19";74;140;11;32;"TIDAK SEHAT"
4;"2021-07-20";80;147;13;26;"TIDAK SEHAT"
4;"2021-07-21";55;102;9;30;"TIDAK SEHAT"
4;"2021-07-22";57;110;9;28;"TIDAK SEHAT"
4;"2021-07-23";56;104;10;35;"TIDAK SEHAT"
4;"2021-07-24";56;104;12;27;"TIDAK SEHAT"
4;"2021-07-25";81;148;22;28;"TIDAK SEHAT"
4;"2021-07-26";68;131;14;24;"TIDAK SEHAT"
4;"2021-07-27";71;140;12;24;"TIDAK SEHAT"
4;"2021-07-28";73;145;14;24;"TIDAK SEHAT"
5;"2021-07-29";78;140;18;29;"TIDAK SEHAT"
4;"2021-07-30";83;154;15;37;"TIDAK SEHAT"
4;"2021-07-31";56;100;9;29;"SEDANG"
4;"2021-08-01";51;86;8;30;"SEDANG"
4;"2021-08-02";42;81;9;27;"SEDANG"
4;"2021-08-03";55;104;12;21;"TIDAK SEHAT"
2;"2021-08-04";64;89;9;50;"SEDANG"
4;"2021-08-05";53;90;8;21;"SEDANG"
4;"2021-08-06";59;105;16;13;"TIDAK SEHAT"
4;"2021-08-07";59;101;8;19;"TIDAK SEHAT"
4;"2021-08-08";54;92;7;21;"SEDANG"
4;"2021-08-09";48;82;6;26;"SEDANG"
4;"2021-08-10";35;68;6;30;"SEDANG"
4;"2021-08-11";56;102;11;27;"TIDAK SEHAT"
4;"2021-08-12";57;104;8;21;"TIDAK SEHAT"
4;"2021-08-13";55;101;11;19;"TIDAK SEHAT"
5;"2021-08-14";73;116;14;26;"TIDAK SEHAT"
4;"2021-08-15";63;114;11;15;"TIDAK SEHAT"
4;"2021-08-16";55;100;8;17;"SEDANG"
4;"2021-08-17";59;103;8;24;"TIDAK SEHAT"
4;"2021-08-18";58;97;9;30;"SEDANG"
4;"2021-08-19";67;119;13;28;"TIDAK SEHAT"
4;"2021-08-20";64;106;11;28;"TIDAK SEHAT"
5;"2021-08-21";58;89;10;31;"SEDANG"
4;"2021-08-22";74;134;14;22;"TIDAK SEHAT"
4;"2021-08-23";63;106;10;24;"TIDAK SEHAT"
4;"2021-08-24";61;110;11;26;"TIDAK SEHAT"
4;"2021-08-25";62;106;9;26;"TIDAK SEHAT"
5;"2021-08-26";64;96;9;31;"SEDANG"
4;"2021-08-27";58;105;10;28;"TIDAK SEHAT"
4;"2021-08-28";65;123;10;36;"TIDAK SEHAT"
4;"2021-08-29";66;122;12;28;"TIDAK SEHAT"
4;"2021-08-30";76;140;16;30;"TIDAK SEHAT"
4;"2021-08-31";61;109;10;32;"TIDAK SEHAT"
4;"2021-09-01";68;118;16;26;"TIDAK SEHAT"
4;"2021-09-02";65;115;12;26;"TIDAK SEHAT"
4;"2021-09-03";62;111;10;34;"TIDAK SEHAT"
4;"2021-09-04";57;93;9;31;"SEDANG"
4;"2021-09-05";69;120;12;27;"TIDAK SEHAT"
4;"2021-09-06";62;109;9;29;"TIDAK SEHAT"
4;"2021-09-07";56;86;8;21;"SEDANG"
4;"2021-09-08";63;106;15;29;"TIDAK SEHAT"
2;"2021-09-09";68;88;12;35;"SEDANG"
4;"2021-09-10";45;80;8;26;"SEDANG"
4;"2021-09-11";59;109;10;33;"TIDAK SEHAT"
4;"2021-09-12";63;111;10;24;"TIDAK SEHAT"
4;"2021-09-13";54;88;7;18;"SEDANG"
4;"2021-09-14";36;61;6;19;"SEDANG"
4;"2021-09-15";60;110;19;18;"TIDAK SEHAT"
4;"2021-09-16";53;89;7;28;"SEDANG"
4;"2021-09-17";50;85;6;29;"SEDANG"
4;"2021-09-18";57;101;7;23;"TIDAK SEHAT"
5;"2021-09-19";53;83;7;28;"SEDANG"
2;"2021-09-20";58;81;11;54;"SEDANG"
4;"2021-09-21";0;99;9;32;"SEDANG"
4;"2021-09-22";0;119;10;22;"TIDAK SEHAT"
4;"2021-09-23";0;116;9;24;"TIDAK SEHAT"
4;"2021-09-24";0;109;8;21;"TIDAK SEHAT"
4;"2021-09-25";0;102;7;26;"TIDAK SEHAT"
4;"2021-09-26";0;98;7;33;"SEDANG"
4;"2021-09-27";0;89;11;29;"SEDANG"
2;"2021-09-28";49;71;8;49;"SEDANG"
4;"2021-09-29";0;102;13;38;"TIDAK SEHAT"
4;"2021-09-30";0;117;13;40;"TIDAK SEHAT"
4;"2021-10-01";0;91;10;35;"SEDANG"
4;"2021-10-02";0;127;10;35;"TIDAK SEHAT"
4;"2021-10-03";0;96;9;32;"SEDANG"
4;"2021-10-04";0;110;11;33;"TIDAK SEHAT"
2;"2021-10-05";65;90;11;54;"SEDANG"
4;"2021-10-06";66;103;8;37;"TIDAK SEHAT"
4;"2021-10-07";52;77;7;27;"SEDANG"
4;"2021-10-08";58;98;9;30;"SEDANG"
4;"2021-10-09";55;83;7;36;"SEDANG"
4;"2021-10-10";61;97;9;43;"SEDANG"
2;"2021-10-11";68;100;12;66;"SEDANG"
4;"2021-10-12";70;111;9;32;"TIDAK SEHAT"
4;"2021-10-13";0;91;8;38;"SEDANG"
4;"2021-10-14";0;131;12;45;"TIDAK SEHAT"
4;"2021-10-15";100;157;15;50;"TIDAK SEHAT"
4;"2021-10-16";67;122;14;51;"TIDAK SEHAT"
4;"2021-10-17";0;126;13;53;"TIDAK SEHAT"
4;"2021-10-18";57;88;11;32;"SEDANG"
5;"2021-10-19";50;81;16;13;"SEDANG"
4;"2021-10-20";0;96;10;33;"SEDANG"
3;"2021-10-21";53;74;11;29;"SEDANG"
4;"2021-10-22";71;120;13;36;"TIDAK SEHAT"
4;"2021-10-23";65;109;10;35;"TIDAK SEHAT"
4;"2021-10-24";68;113;15;39;"TIDAK SEHAT"
4;"2021-10-25";62;104;11;41;"TIDAK SEHAT"
4;"2021-10-26";75;130;16;36;"TIDAK SEHAT"
4;"2021-10-27";59;90;10;50;"SEDANG"
4;"2021-10-28";54;78;11;56;"SEDANG"
2;"2021-10-29";54;74;14;49;"SEDANG"
4;"2021-10-30";62;103;15;58;"TIDAK SEHAT"
2;"2021-10-31";56;79;12;56;"SEDANG"
5;"2021-11-01";59;91;17;22;"SEDANG"
4;"2021-11-02";54;77;18;47;"SEDANG"
4;"2021-11-03";51;83;12;73;"SEDANG"
2;"2021-11-04";63;95;13;63;"SEDANG"
4;"2021-11-05";61;95;16;14;"SEDANG"
4;"2021-11-06";55;86;11;26;"SEDANG"
4;"2021-11-07";52;81;9;35;"SEDANG"
2;"2021-11-08";53;73;14;39;"SEDANG"
4;"2021-11-09";64;106;15;31;"TIDAK SEHAT"
4;"2021-11-10";61;100;11;20;"SEDANG"
4;"2021-11-11";45;71;10;13;"SEDANG"
4;"2021-11-12";32;63;7;19;"SEDANG"
4;"2021-11-13";52;82;14;30;"SEDANG"
4;"2021-11-14";48;68;13;24;"SEDANG"
4;"2021-11-15";36;58;7;16;"SEDANG"
3;"2021-11-16";53;82;11;24;"SEDANG"
4;"2021-11-17";60;99;10;19;"SEDANG"
4;"2021-11-18";63;106;9;27;"TIDAK SEHAT"
2;"2021-11-19";32;45;7;42;"BAIK"
4;"2021-11-20";26;58;6;21;"SEDANG"
3;"2021-11-21";52;76;14;29;"SEDANG"
4;"2021-11-22";23;45;4;14;"BAIK"
2;"2021-11-23";25;55;7;41;"SEDANG"
4;"2021-11-24";27;59;5;26;"SEDANG"
3;"2021-11-25";63;83;12;27;"SEDANG"
4;"2021-11-26";58;78;14;17;"SEDANG"
4;"2021-11-27";37;56;8;13;"SEDANG"
2;"2021-11-28";18;0;7;47;"BAIK"
4;"2021-11-29";29;55;8;17;"SEDANG"
4;"2021-11-30";39;66;8;24;"SEDANG"
4;"2021-12-01";63;100;12;19;"SEDANG"
4;"2021-12-02";33;56;5;18;"SEDANG"
4;"2021-12-03";41;71;7;23;"SEDANG"
3;"2021-12-04";50;65;10;26;"SEDANG"
4;"2021-12-05";53;80;17;13;"SEDANG"
3;"2021-12-06";62;91;17;42;"SEDANG"
4;"2021-12-07";179;58;9;17;"TIDAK SEHAT"
4;"2021-12-08";47;76;14;25;"SEDANG"
4;"2021-12-09";38;63;9;28;"SEDANG"
4;"2021-12-10";45;73;10;24;"SEDANG"
4;"2021-12-11";32;60;7;22;"SEDANG"
3;"2021-12-12";48;63;13;0;"SEDANG"
3;"2021-12-13";53;68;11;23;"SEDANG"
4;"2021-12-14";50;76;7;28;"SEDANG"
4;"2021-12-15";69;124;15;29;"TIDAK SEHAT"
4;"2021-12-16";78;136;14;32;"TIDAK SEHAT"
4;"2021-12-17";55;81;13;34;"SEDANG"
4;"2021-12-18";0;69;13;24;"SEDANG"
4;"2021-12-19";64;102;21;40;"TIDAK SEHAT"
4;"2021-12-20";57;86;10;30;"SEDANG"
1;"2021-12-21";52;74;19;22;"SEDANG"
4;"2021-12-22";62;98;22;0;"SEDANG"
2;"2021-12-23";70;99;19;42;"SEDANG"
4;"2021-12-24";34;65;0;0;"SEDANG"
4;"2021-12-25";56;85;23;0;"SEDANG"
4;"2021-12-26";44;71;14;0;"SEDANG"
4;"2021-12-27";68;121;21;0;"TIDAK SEHAT"
4;"2021-12-28";59;89;15;0;"SEDANG"
4;"2021-12-29";61;98;15;0;"SEDANG"
4;"2021-12-30";60;102;17;0;"TIDAK SEHAT"
4;"2021-12-31";58;90;21;0;"SEDANG"
4;"2022-01-01";57;85;13;34;"SEDANG"
4;"2022-01-02";40;70;10;36;"SEDANG"
4;"2022-01-03";49;80;13;37;"SEDANG"
4;"2022-01-04";59;102;14;51;"TIDAK SEHAT"
4;"2022-01-05";95;165;18;55;"TIDAK SEHAT"
4;"2022-01-06";73;117;16;48;"TIDAK SEHAT"
4;"2022-01-07";71;113;22;38;"TIDAK SEHAT"
4;"2022-01-08";55;77;17;41;"SEDANG"
3;"2022-01-09";56;82;14;39;"SEDANG"
3;"2022-01-10";60;87;13;36;"SEDANG"
3;"2022-01-11";46;60;12;37;"SEDANG"
4;"2022-01-12";46;59;15;38;"SEDANG"
2;"2022-01-13";38;62;15;63;"SEDANG"
2;"2022-01-14";46;63;15;63;"SEDANG"
3;"2022-01-15";55;69;15;68;"SEDANG"
5;"2022-01-16";67;102;20;65;"TIDAK SEHAT"
4;"2022-01-17";67;93;19;63;"SEDANG"
4;"2022-01-18";54;67;14;59;"SEDANG"
2;"2022-01-19";45;61;15;69;"SEDANG"
2;"2022-01-20";40;57;14;68;"SEDANG"
3;"2022-01-21";40;57;15;51;"SEDANG"
4;"2022-01-22";52;73;12;39;"SEDANG"
3;"2022-01-23";57;73;11;35;"SEDANG"
3;"2022-01-24";57;74;11;58;"SEDANG"
3;"2022-01-25";41;58;9;51;"SEDANG"
2;"2022-01-26";38;56;14;57;"SEDANG"
3;"2022-01-27";58;75;14;48;"SEDANG"
3;"2022-01-28";63;84;12;60;"SEDANG"
4;"2022-01-29";65;120;30;52;"TIDAK SEHAT"
4;"2022-01-30";75;129;25;59;"TIDAK SEHAT"
4;"2022-01-31";72;119;44;53;"TIDAK SEHAT"
3;"2022-02-01";64;89;13;76;"SEDANG"
4;"2022-02-02";66;101;22;64;"TIDAK SEHAT"
4;"2022-02-03";58;99;20;65;"SEDANG"
3;"2022-02-04";54;72;12;68;"SEDANG"
5;"2022-02-05";43;62;18;55;"SEDANG"
1;"2022-02-06";39;51;15;57;"SEDANG"
2;"2022-02-07";40;60;13;67;"SEDANG"
4;"2022-02-08";58;109;18;60;"TIDAK SEHAT"
4;"2022-02-09";64;101;36;55;"TIDAK SEHAT"
2;"2022-02-10";24;47;12;49;"BAIK"
5;"2022-02-11";62;95;20;48;"SEDANG"
5;"2022-02-12";52;68;14;55;"SEDANG"
3;"2022-02-13";70;98;19;55;"SEDANG"
4;"2022-02-14";66;109;29;49;"TIDAK SEHAT"
3;"2022-02-15";74;119;33;61;"TIDAK SEHAT"
5;"2022-02-16";66;110;24;62;"TIDAK SEHAT"
2;"2022-02-17";53;74;19;86;"SEDANG"
4;"2022-02-18";65;118;18;67;"TIDAK SEHAT"
4;"2022-02-19";67;108;23;69;"TIDAK SEHAT"
4;"2022-02-20";70;115;26;62;"TIDAK SEHAT"
5;"2022-02-21";54;86;21;50;"SEDANG"
4;"2022-02-22";54;92;13;56;"SEDANG"
4;"2022-02-23";55;87;16;43;"SEDANG"
4;"2022-02-24";45;71;14;38;"SEDANG"
3;"2022-02-25";50;59;15;28;"SEDANG"
4;"2022-02-26";40;60;15;28;"SEDANG"
4;"2022-02-27";31;51;14;30;"SEDANG"
5;"2022-02-28";27;50;12;30;"BAIK"
5;"2022-03-01";27;50;11;17;"BAIK"
2;"2022-03-02";32;51;15;24;"SEDANG"
4;"2022-03-03";30;55;12;35;"SEDANG"
4;"2022-03-04";32;53;13;45;"SEDANG"
4;"2022-03-05";48;68;17;36;"SEDANG"
4;"2022-03-06";53;90;21;28;"SEDANG"
4;"2022-03-07";29;53;13;37;"SEDANG"
4;"2022-03-08";55;102;15;45;"TIDAK SEHAT"
4;"2022-03-09";50;75;20;58;"SEDANG"
4;"2022-03-10";60;112;24;79;"TIDAK SEHAT"
4;"2022-03-11";77;107;23;52;"TIDAK SEHAT"
4;"2022-03-12";50;59;13;41;"SEDANG"
5;"2022-03-13";46;65;18;36;"SEDANG"
4;"2022-03-14";60;109;25;80;"TIDAK SEHAT"
4;"2022-03-15";56;97;22;54;"SEDANG"
4;"2022-03-16";51;76;21;53;"SEDANG"
4;"2022-03-17";77;141;23;77;"TIDAK SEHAT"
4;"2022-03-18";67;111;23;69;"TIDAK SEHAT"
4;"2022-03-19";46;73;15;48;"SEDANG"
4;"2022-03-20";55;71;13;34;"SEDANG"
4;"2022-03-21";38;53;10;34;"SEDANG"
3;"2022-03-22";50;63;12;35;"SEDANG"
5;"2022-03-23";46;61;16;34;"SEDANG"
4;"2022-03-24";43;65;15;40;"SEDANG"
5;"2022-03-25";90;122;19;70;"TIDAK SEHAT"
4;"2022-03-26";67;92;17;49;"SEDANG"
5;"2022-03-27";84;126;49;42;"TIDAK SEHAT"
5;"2022-03-28";49;62;12;59;"SEDANG"
4;"2022-03-29";61;117;17;52;"TIDAK SEHAT"
4;"2022-03-30";75;119;20;109;"TIDAK SEHAT"
4;"2022-03-31";95;160;34;137;"TIDAK SEHAT"
4;"2022-04-01";74;114;19;76;"TIDAK SEHAT"
4;"2022-04-02";61;99;18;70;"SEDANG"
4;"2022-04-03";51;74;14;40;"SEDANG"
4;"2022-04-04";49;71;23;69;"SEDANG"
4;"2022-04-05";73;92;19;73;"SEDANG"
4;"2022-04-06";54;87;20;57;"SEDANG"
4;"2022-04-07";58;90;22;62;"SEDANG"
4;"2022-04-08";52;81;17;50;"SEDANG"
4;"2022-04-09";50;76;21;59;"SEDANG"
4;"2022-04-10";82;164;27;80;"TIDAK SEHAT"
4;"2022-04-11";63;98;17;95;"SEDANG"
4;"2022-04-12";71;107;22;78;"TIDAK SEHAT"
2;"2022-04-13";78;116;21;118;"TIDAK SEHAT"
2;"2022-04-14";66;104;14;111;"TIDAK SEHAT"
4;"2022-04-15";61;102;15;81;"TIDAK SEHAT"
4;"2022-04-16";63;119;16;91;"TIDAK SEHAT"
4;"2022-04-17";76;148;21;93;"TIDAK SEHAT"
4;"2022-04-18";73;135;13;88;"TIDAK SEHAT"
2;"2022-04-19";52;78;13;84;"SEDANG"
4;"2022-04-20";61;105;18;69;"TIDAK SEHAT"
5;"2022-04-21";46;56;15;43;"SEDANG"
4;"2022-04-22";83;128;25;52;"TIDAK SEHAT"
4;"2022-04-23";60;108;30;52;"TIDAK SEHAT"
4;"2022-04-24";63;114;24;82;"TIDAK SEHAT"
4;"2022-04-25";60;118;14;99;"TIDAK SEHAT"
4;"2022-04-26";59;82;13;70;"SEDANG"
4;"2022-04-27";47;91;13;45;"SEDANG"
4;"2022-04-28";42;83;12;59;"SEDANG"
4;"2022-04-29";35;60;10;46;"SEDANG"
2;"2022-04-30";39;53;16;17;"SEDANG"
4;"2022-05-01";66;126;24;61;"TIDAK SEHAT"
4;"2022-05-02";58;90;16;82;"SEDANG"
2;"2022-05-03";36;58;13;58;"SEDANG"
4;"2022-05-04";51;85;11;77;"SEDANG"
4;"2022-05-05";53;102;13;72;"TIDAK SEHAT"
4;"2022-05-06";39;73;10;58;"SEDANG"
4;"2022-05-07";56;92;12;82;"SEDANG"
4;"2022-05-08";63;98;19;76;"SEDANG"
4;"2022-05-09";58;95;12;73;"SEDANG"
4;"2022-05-10";54;86;17;74;"SEDANG"
2;"2022-05-11";54;75;12;81;"SEDANG"
3;"2022-05-12";61;85;13;63;"SEDANG"
2;"2022-05-13";34;55;8;65;"SEDANG"
4;"2022-05-14";57;101;14;72;"TIDAK SEHAT"
4;"2022-05-15";77;126;19;87;"TIDAK SEHAT"
4;"2022-05-16";58;100;22;81;"SEDANG"
4;"2022-05-17";66;128;22;77;"TIDAK SEHAT"
4;"2022-05-18";62;99;15;89;"SEDANG"
4;"2022-05-19";75;136;28;64;"TIDAK SEHAT"
4;"2022-05-20";70;128;24;71;"TIDAK SEHAT"
4;"2022-05-21";58;82;20;58;"SEDANG"
4;"2022-05-22";58;110;17;55;"TIDAK SEHAT"
4;"2022-05-23";68;123;17;53;"TIDAK SEHAT"
4;"2022-05-24";58;98;11;54;"SEDANG"
4;"2022-05-25";74;121;16;58;"TIDAK SEHAT"
4;"2022-05-26";57;93;15;52;"SEDANG"
4;"2022-05-27";79;146;25;76;"TIDAK SEHAT"
3;"2022-05-28";57;105;17;82;"TIDAK SEHAT"
4;"2022-05-29";64;107;23;65;"TIDAK SEHAT"
4;"2022-05-30";51;89;17;58;"SEDANG"
5;"2022-06-01";53;77;18;55;"SEDANG"
4;"2022-06-02";56;100;15;76;"SEDANG"
2;"2022-06-03";51;68;20;72;"SEDANG"
4;"2022-06-04";78;136;26;92;"TIDAK SEHAT"
4;"2022-06-05";62;116;15;87;"TIDAK SEHAT"
4;"2022-06-06";64;111;21;62;"TIDAK SEHAT"
4;"2022-06-07";61;76;18;50;"SEDANG"
4;"2022-06-08";65;110;18;54;"TIDAK SEHAT"
4;"2022-06-09";65;97;27;34;"SEDANG"
4;"2022-06-10";56;82;26;49;"SEDANG"
4;"2022-06-11";58;92;15;67;"SEDANG"
4;"2022-06-12";61;112;22;71;"TIDAK SEHAT"
4;"2022-06-13";61;97;22;71;"SEDANG"
4;"2022-06-14";75;112;27;52;"TIDAK SEHAT"
4;"2022-06-15";80;141;25;44;"TIDAK SEHAT"
4;"2022-06-16";79;146;32;50;"TIDAK SEHAT"
4;"2022-06-17";85;130;25;50;"TIDAK SEHAT"
4;"2022-06-18";75;117;30;58;"TIDAK SEHAT"
4;"2022-06-19";73;118;23;82;"TIDAK SEHAT"
4;"2022-06-20";78;131;17;99;"TIDAK SEHAT"
4;"2022-06-21";79;114;18;70;"TIDAK SEHAT"
4;"2022-06-22";71;123;17;72;"TIDAK SEHAT"
4;"2022-06-23";82;119;19;68;"TIDAK SEHAT"
4;"2022-06-24";85;123;22;77;"TIDAK SEHAT"
4;"2022-06-25";82;131;23;60;"TIDAK SEHAT"
4;"2022-06-26";68;106;22;69;"TIDAK SEHAT"
4;"2022-06-27";74;102;22;76;"TIDAK SEHAT"
2;"2022-06-28";57;82;16;82;"SEDANG"
4;"2022-06-29";59;79;14;72;"SEDANG"
4;"2022-06-30";68;117;13;84;"TIDAK SEHAT"
4;"2022-07-01";73;111;15;87;"TIDAK SEHAT"
4;"2022-07-02";81;137;18;106;"TIDAK SEHAT"
2;"2022-07-03";78;126;17;126;"TIDAK SEHAT"
4;"2022-07-04";56;78;11;60;"SEDANG"
4;"2022-07-05";66;110;16;61;"TIDAK SEHAT"
4;"2022-07-06";75;129;25;71;"TIDAK SEHAT"
3;"2022-07-07";94;135;29;74;"TIDAK SEHAT"
2;"2022-07-08";55;80;17;95;"SEDANG"
2;"2022-07-09";61;93;13;107;"TIDAK SEHAT"
4;"2022-07-10";63;93;13;84;"SEDANG"
4;"2022-07-11";66;112;15;84;"TIDAK SEHAT"
4;"2022-07-12";77;123;17;84;"TIDAK SEHAT"
4;"2022-07-13";69;114;16;65;"TIDAK SEHAT"
4;"2022-07-14";85;125;25;57;"TIDAK SEHAT"
4;"2022-07-15";58;86;12;65;"SEDANG"
4;"2022-07-16";36;59;15;48;"SEDANG"
4;"2022-07-17";59;89;28;51;"SEDANG"
4;"2022-07-18";75;143;30;84;"TIDAK SEHAT"
4;"2022-07-19";75;114;15;98;"TIDAK SEHAT"
4;"2022-07-20";76;124;18;94;"TIDAK SEHAT"
2;"2022-07-21";75;110;15;114;"TIDAK SEHAT"
4;"2022-07-22";74;121;17;96;"TIDAK SEHAT"
4;"2022-07-23";61;99;14;67;"SEDANG"
2;"2022-07-24";54;82;14;94;"SEDANG"
2;"2022-07-25";56;87;16;91;"SEDANG"
4;"2022-07-26";67;110;16;85;"TIDAK SEHAT"
2;"2022-07-27";70;116;14;118;"TIDAK SEHAT"
4;"2022-07-28";82;132;16;90;"TIDAK SEHAT"
4;"2022-07-29";74;123;12;86;"TIDAK SEHAT"
4;"2022-07-30";66;118;15;95;"TIDAK SEHAT"
4;"2022-07-31";80;143;17;115;"TIDAK SEHAT"
4;"2022-08-01";68;109;12;91;"TIDAK SEHAT"
4;"2022-08-02";67;113;15;84;"TIDAK SEHAT"
4;"2022-08-03";82;141;19;129;"TIDAK SEHAT"
4;"2022-08-04";69;99;15;82;"SEDANG"
4;"2022-08-05";60;82;17;79;"SEDANG"
4;"2022-08-06";69;101;19;87;"TIDAK SEHAT"
4;"2022-08-07";76;119;18;114;"TIDAK SEHAT"
2;"2022-08-08";60;84;18;97;"SEDANG"
2;"2022-08-09";61;88;14;103;"TIDAK SEHAT"
4;"2022-08-10";73;116;19;82;"TIDAK SEHAT"
4;"2022-08-11";74;107;19;80;"TIDAK SEHAT"
2;"2022-08-12";65;94;17;97;"SEDANG"
5;"2022-08-13";58;77;21;76;"SEDANG"
4;"2022-08-14";68;93;14;80;"SEDANG"
4;"2022-08-15";64;84;17;63;"SEDANG"
2;"2022-08-16";61;89;15;181;"TIDAK SEHAT"
2;"2022-08-17";55;78;17;108;"TIDAK SEHAT"
4;"2022-08-18";64;89;25;84;"SEDANG"
4;"2022-08-19";70;105;14;66;"TIDAK SEHAT"
4;"2022-08-20";76;117;14;69;"TIDAK SEHAT"
4;"2022-08-21";59;101;13;65;"TIDAK SEHAT"
2;"2022-08-22";57;78;13;79;"SEDANG"
4;"2022-08-23";76;116;17;81;"TIDAK SEHAT"
4;"2022-08-24";71;119;15;82;"TIDAK SEHAT"
4;"2022-08-25";64;98;12;66;"SEDANG"
4;"2022-08-26";76;119;19;53;"TIDAK SEHAT"
4;"2022-08-27";80;130;25;57;"TIDAK SEHAT"
5;"2022-08-28";64;85;17;56;"SEDANG"
4;"2022-08-29";58;82;16;55;"SEDANG"
4;"2022-08-30";59;84;15;56;"SEDANG"
4;"2022-08-31";85;148;25;74;"TIDAK SEHAT"
4;"2022-09-01";83;130;15;42;"TIDAK SEHAT"
4;"2022-09-02";71;108;21;35;"TIDAK SEHAT"
4;"2022-09-03";64;102;18;37;"TIDAK SEHAT"
4;"2022-09-04";42;76;9;33;"SEDANG"
4;"2022-09-05";59;105;15;45;"TIDAK SEHAT"
4;"2022-09-06";63;86;12;43;"SEDANG"
4;"2022-09-07";55;79;15;38;"SEDANG"
4;"2022-09-08";61;87;26;32;"SEDANG"
5;"2022-09-09";71;91;28;32;"SEDANG"
4;"2022-09-10";56;72;22;41;"SEDANG"
4;"2022-09-11";64;88;20;37;"SEDANG"
4;"2022-09-12";53;79;18;35;"SEDANG"
1;"2022-09-13";59;81;18;45;"SEDANG"
4;"2022-09-14";67;113;18;42;"TIDAK SEHAT"
4;"2022-09-15";78;117;26;34;"TIDAK SEHAT"
4;"2022-09-16";62;100;18;52;"SEDANG"
4;"2022-09-17";70;103;19;49;"TIDAK SEHAT"
4;"2022-09-18";72;113;21;43;"TIDAK SEHAT"
4;"2022-09-19";70;113;17;46;"TIDAK SEHAT"
4;"2022-09-20";66;110;21;37;"TIDAK SEHAT"
4;"2022-09-21";69;112;17;42;"TIDAK SEHAT"
5;"2022-09-22";63;90;16;37;"SEDANG"
2;"2022-09-23";73;97;24;50;"SEDANG"
4;"2022-09-24";57;83;17;39;"SEDANG"
4;"2022-09-25";58;94;14;48;"SEDANG"
5;"2022-09-26";57;79;14;56;"SEDANG"
4;"2022-09-27";63;86;14;58;"SEDANG"
4;"2022-09-28";62;92;13;55;"SEDANG"
4;"2022-09-29";62;100;14;50;"SEDANG"
4;"2022-09-30";71;103;14;45;"TIDAK SEHAT"
4;"2022-10-01";80;128;14;39;"TIDAK SEHAT"
4;"2022-10-02";54;79;12;43;"SEDANG"
5;"2022-10-03";56;76;18;38;"SEDANG"
4;"2022-10-04";67;98;15;40;"SEDANG"
4;"2022-10-05";51;68;22;36;"SEDANG"
4;"2022-10-06";61;89;20;39;"SEDANG"
1;"2022-10-07";51;66;17;35;"SEDANG"
5;"2022-10-08";35;61;17;28;"SEDANG"
4;"2022-10-09";58;95;24;39;"SEDANG"
4;"2022-10-10";54;74;14;38;"SEDANG"
4;"2022-10-11";77;126;23;59;"TIDAK SEHAT"
4;"2022-10-12";70;97;27;44;"SEDANG"
4;"2022-10-13";63;91;17;54;"SEDANG"
4;"2022-10-14";67;94;28;47;"SEDANG"
4;"2022-10-15";55;78;13;58;"SEDANG"
4;"2022-10-16";62;93;19;52;"SEDANG"
4;"2022-10-17";56;85;13;54;"SEDANG"
1;"2022-10-18";59;79;16;45;"SEDANG"
4;"2022-10-19";64;92;22;42;"SEDANG"
4;"2022-10-20";67;88;28;47;"SEDANG"
4;"2022-10-21";52;67;16;31;"SEDANG"
4;"2022-10-22";58;82;19;39;"SEDANG"
4;"2022-10-23";52;66;11;45;"SEDANG"
4;"2022-10-24";41;57;10;31;"SEDANG"
2;"2022-10-25";27;53;9;30;"SEDANG"
4;"2022-10-26";39;43;11;27;"SEDANG"
4;"2022-10-27";41;66;18;35;"SEDANG"
4;"2022-10-28";54;77;16;33;"SEDANG"
4;"2022-10-29";53;86;15;41;"SEDANG"
4;"2022-10-30";51;87;11;49;"SEDANG"
4;"2022-10-31";60;78;21;44;"SEDANG"
4;"2022-11-01";49;70;10;44;"SEDANG"
4;"2022-11-02";84;144;14;54;"TIDAK SEHAT"
4;"2022-11-03";65;89;13;49;"SEDANG"
4;"2022-11-04";66;95;23;49;"SEDANG"
4;"2022-11-05";62;81;22;55;"SEDANG"
3;"2022-11-06";63;90;18;38;"SEDANG"
4;"2022-11-07";74;104;13;48;"TIDAK SEHAT"
3;"2022-11-08";66;101;30;36;"TIDAK SEHAT"
4;"2022-11-09";64;96;25;41;"SEDANG"
3;"2022-11-10";53;76;18;29;"SEDANG"
4;"2022-11-11";46;71;19;31;"SEDANG"
3;"2022-11-12";40;61;11;36;"SEDANG"
4;"2022-11-13";38;63;17;38;"SEDANG"
4;"2022-11-14";60;85;17;44;"SEDANG"
4;"2022-11-15";59;95;16;39;"SEDANG"
3;"2022-11-16";54;80;10;31;"SEDANG"
4;"2022-11-17";58;72;12;35;"SEDANG"
2;"2022-11-18";42;53;16;29;"SEDANG"
4;"2022-11-19";47;77;12;27;"SEDANG"
4;"2022-11-20";34;51;7;30;"SEDANG"
3;"2022-11-21";40;62;11;29;"SEDANG"
3;"2022-11-22";46;72;10;26;"SEDANG"
3;"2022-11-23";50;71;11;29;"SEDANG"
4;"2022-11-24";51;66;10;34;"SEDANG"
4;"2022-11-25";52;77;15;38;"SEDANG"
4;"2022-11-26";80;131;20;42;"TIDAK SEHAT"
4;"2022-11-27";74;112;24;37;"TIDAK SEHAT"
4;"2022-11-28";59;83;14;50;"SEDANG"
4;"2022-11-29";53;73;22;48;"SEDANG"
4;"2022-11-30";65;97;13;40;"SEDANG"
4;"2022-12-01";64;93;17;50;"SEDANG"
4;"2022-12-02";60;94;18;42;"SEDANG"
4;"2022-12-03";60;100;16;49;"SEDANG"
4;"2022-12-04";65;95;19;45;"SEDANG"
4;"2022-12-05";74;117;19;48;"TIDAK SEHAT"
4;"2022-12-06";70;107;24;41;"TIDAK SEHAT"
4;"2022-12-07";53;88;21;37;"SEDANG"
4;"2022-12-08";51;85;16;47;"SEDANG"
3;"2022-12-09";59;94;21;31;"SEDANG"
4;"2022-12-10";42;72;27;29;"SEDANG"
4;"2022-12-11";44;72;20;31;"SEDANG"
4;"2022-12-12";37;62;10;32;"SEDANG"
3;"2022-12-13";47;71;13;28;"SEDANG"
3;"2022-12-14";46;71;10;30;"SEDANG"
4;"2022-12-15";28;60;10;29;"SEDANG"
4;"2022-12-16";56;83;12;28;"SEDANG"
4;"2022-12-17";65;98;30;38;"SEDANG"
4;"2022-12-18";64;96;26;46;"SEDANG"
4;"2022-12-19";64;99;28;39;"SEDANG"
4;"2022-12-20";85;154;23;29;"TIDAK SEHAT"
3;"2022-12-21";57;86;45;27;"SEDANG"
4;"2022-12-22";49;65;49;23;"SEDANG"
2;"2022-12-23";31;40;38;24;"SEDANG"
3;"2022-12-24";58;92;55;26;"SEDANG"
2;"2022-12-25";42;56;45;25;"SEDANG"
2;"2022-12-26";43;62;54;25;"SEDANG"
2;"2022-12-27";36;47;42;20;"SEDANG"
3;"2022-12-28";46;66;41;15;"SEDANG"
2;"2022-12-29";23;50;12;16;"SEDANG"
4;"2022-12-30";40;64;21;17;"SEDANG"
4;"2022-12-31";54;73;24;23;"SEDANG"
2;"2023-01-01";44;61;16;20;"SEDANG"
2;"2023-01-02";34;43;15;21;"SEDANG"
2;"2023-01-03";28;34;13;21;"SEDANG"
2;"2023-01-04";31;49;17;21;"SEDANG"
3;"2023-01-05";40;59;10;18;"SEDANG"
3;"2023-01-06";50;73;10;11;"SEDANG"
3;"2023-01-07";49;66;6;10;"SEDANG"
3;"2023-01-08";45;62;6;10;"SEDANG"
3;"2023-01-09";46;71;9;10;"SEDANG"
3;"2023-01-10";50;70;8;10;"SEDANG"
4;"2023-01-11";36;81;14;23;"SEDANG"
4;"2023-01-12";0;111;15;26;"TIDAK SEHAT"
4;"2023-01-13";0;135;15;28;"TIDAK SEHAT"
4;"2023-01-14";54;91;17;19;"SEDANG"
4;"2023-01-15";47;73;12;15;"SEDANG"
3;"2023-01-16";39;57;7;10;"SEDANG"
3;"2023-01-17";51;76;8;8;"SEDANG"
3;"2023-01-18";57;87;9;8;"SEDANG"
4;"2023-01-19";40;79;16;7;"SEDANG"
3;"2023-01-20";57;79;9;9;"SEDANG"
4;"2023-01-21";43;75;14;10;"SEDANG"
4;"2023-01-22";0;66;13;9;"SEDANG"
2;"2023-01-23";27;53;8;17;"SEDANG"
2;"2023-01-24";33;50;11;17;"SEDANG"
2;"2023-01-25";37;45;10;13;"SEDANG"
3;"2023-01-26";40;64;9;12;"SEDANG"
3;"2023-01-27";59;75;8;10;"SEDANG"
4;"2023-01-28";44;68;14;7;"SEDANG"
4;"2023-01-29";53;82;20;8;"SEDANG"
4;"2023-01-30";51;65;14;14;"SEDANG"
4;"2023-01-31";56;90;16;15;"SEDANG"
3;"2023-02-01";55;69;8;12;"SEDANG"
3;"2023-02-02";52;72;12;9;"SEDANG"
3;"2023-02-03";24;50;6;11;"SEDANG"
3;"2023-02-04";3;65;11;9;"SEDANG"
3;"2023-02-05";10;62;10;12;"SEDANG"
4;"2023-02-06";41;56;11;12;"SEDANG"
4;"2023-02-07";38;65;12;12;"SEDANG"
4;"2023-02-08";44;61;15;7;"SEDANG"
4;"2023-02-09";44;61;13;7;"SEDANG"
3;"2023-02-10";24;40;7;11;"SEDANG"
4;"2023-02-11";38;51;12;8;"SEDANG"
4;"2023-02-12";33;42;12;8;"SEDANG"
3;"2023-02-13";24;31;8;8;"SEDANG"
4;"2023-02-14";31;39;11;7;"SEDANG"
3;"2023-02-15";20;33;6;9;"SEDANG"
3;"2023-02-16";30;48;7;6;"SEDANG"
3;"2023-02-17";30;41;7;9;"SEDANG"
4;"2023-02-18";51;75;11;14;"SEDANG"
4;"2023-02-19";60;82;13;13;"SEDANG"
3;"2023-02-20";42;56;7;7;"SEDANG"
3;"2023-02-21";33;45;6;6;"BAIK"
3;"2023-02-22";29;44;6;9;"BAIK"
4;"2023-02-23";50;59;11;8;"SEDANG"
4;"2023-02-24";51;49;9;10;"SEDANG"
3;"2023-02-25";46;61;7;18;"SEDANG"
4;"2023-02-26";40;52;8;15;"SEDANG"
4;"2023-02-27";46;50;7;16;"BAIK"
3;"2023-02-28";46;63;7;17;"SEDANG"
1;"2023-03-01";38;44;8;19;"BAIK"
1;"2023-03-02";29;33;11;21;"BAIK"
3;"2023-03-03";34;52;7;11;"SEDANG"
3;"2023-03-04";40;60;7;14;"SEDANG"
4;"2023-03-05";46;50;9;8;"BAIK"
3;"2023-03-06";39;55;6;7;"SEDANG"
3;"2023-03-07";48;70;7;11;"SEDANG"
3;"2023-03-08";60;87;7;11;"SEDANG"
4;"2023-03-09";50;87;13;14;"SEDANG"
3;"2023-03-10";51;79;11;20;"SEDANG"
4;"2023-03-11";49;73;11;20;"SEDANG"
4;"2023-03-12";64;109;16;14;"TIDAK SEHAT"
4;"2023-03-13";64;107;11;23;"TIDAK SEHAT"
3;"2023-03-14";58;81;15;17;"SEDANG"
4;"2023-03-15";50;63;9;15;"SEDANG"
4;"2023-03-16";0;107;19;15;"TIDAK SEHAT"
4;"2023-03-17";0;92;16;16;"SEDANG"
4;"2023-03-18";0;85;10;23;"SEDANG"
4;"2023-03-19";61;84;12;20;"SEDANG"
4;"2023-03-20";52;91;12;26;"SEDANG"
4;"2023-03-21";59;94;11;21;"SEDANG"
4;"2023-03-22";60;87;7;22;"SEDANG"
4;"2023-03-23";63;87;13;15;"SEDANG"
3;"2023-03-24";57;87;11;25;"SEDANG"
4;"2023-03-25";0;91;11;18;"SEDANG"
4;"2023-03-26";0;71;11;14;"SEDANG"
4;"2023-03-27";0;76;16;12;"SEDANG"
4;"2023-03-28";0;85;18;7;"SEDANG"
4;"2023-03-29";0;113;21;13;"TIDAK SEHAT"
4;"2023-03-30";0;85;17;12;"SEDANG"
1;"2023-03-31";45;57;13;22;"SEDANG"
1;"2023-04-01";34;44;11;20;"SEDANG"
3;"2023-04-02";35;56;5;10;"SEDANG"
4;"2023-04-03";0;91;8;15;"SEDANG"
3;"2023-04-04";51;69;6;11;"SEDANG"
4;"2023-04-05";0;86;7;26;"SEDANG"
4;"2023-04-06";0;85;6;24;"SEDANG"
4;"2023-04-07";0;72;5;22;"SEDANG"
4;"2023-04-08";0;95;4;32;"SEDANG"
4;"2023-04-09";0;99;10;14;"SEDANG"
3;"2023-04-10";50;57;6;8;"SEDANG"
1;"2023-04-11";27;51;12;14;"SEDANG"
4;"2023-04-12";0;55;3;7;"SEDANG"
3;"2023-04-13";40;60;4;9;"SEDANG"
4;"2023-04-14";50;70;3;17;"SEDANG"
1;"2023-04-15";65;94;12;27;"SEDANG"
4;"2023-04-16";57;82;6;17;"SEDANG"
4;"2023-04-17";51;72;4;19;"SEDANG"
4;"2023-04-18";62;86;5;20;"SEDANG"
4;"2023-04-19";0;88;7;19;"SEDANG"
4;"2023-04-20";0;85;13;18;"SEDANG"
4;"2023-04-21";0;78;8;18;"SEDANG"
4;"2023-04-22";0;79;0;19;"SEDANG"
4;"2023-04-23";0;78;0;21;"SEDANG"
4;"2023-04-24";0;76;6;19;"SEDANG"
4;"2023-04-25";0;64;5;18;"SEDANG"
4;"2023-04-26";0;80;7;15;"SEDANG"
4;"2023-04-27";0;83;10;16;"SEDANG"
4;"2023-04-28";0;81;6;14;"SEDANG"
4;"2023-04-29";0;98;9;18;"SEDANG"
4;"2023-04-30";0;104;6;18;"TIDAK SEHAT"
3;"2023-05-01";56;80;12;21;"SEDANG"
4;"2023-05-02";0;113;0;15;"TIDAK SEHAT"
4;"2023-05-03";0;92;0;18;"SEDANG"
4;"2023-05-04";0;62;21;15;"SEDANG"
4;"2023-05-05";0;82;24;23;"SEDANG"
4;"2023-05-06";0;71;20;26;"SEDANG"
4;"2023-05-07";0;107;37;17;"TIDAK SEHAT"
4;"2023-05-08";0;88;34;21;"SEDANG"
4;"2023-05-09";0;86;36;21;"SEDANG"
4;"2023-05-10";0;123;26;19;"TIDAK SEHAT"
4;"2023-05-11";0;109;21;16;"TIDAK SEHAT"
4;"2023-05-12";0;59;13;12;"SEDANG"
4;"2023-05-13";0;89;20;17;"SEDANG"
4;"2023-05-14";0;78;23;17;"SEDANG"
4;"2023-05-15";0;102;24;25;"TIDAK SEHAT"
4;"2023-05-16";0;104;22;26;"TIDAK SEHAT"
4;"2023-05-17";0;114;22;22;"TIDAK SEHAT"
4;"2023-05-18";0;113;21;22;"TIDAK SEHAT"
4;"2023-05-19";0;114;23;23;"TIDAK SEHAT"
4;"2023-05-20";0;119;27;16;"TIDAK SEHAT"
4;"2023-05-21";0;118;26;22;"TIDAK SEHAT"
4;"2023-05-22";0;97;30;27;"SEDANG"
4;"2023-05-23";0;115;33;18;"TIDAK SEHAT"
4;"2023-05-24";0;170;35;17;"TIDAK SEHAT"
4;"2023-05-25";0;136;29;20;"TIDAK SEHAT"
4;"2023-05-26";0;135;28;22;"TIDAK SEHAT"
4;"2023-05-27";0;139;23;22;"TIDAK SEHAT"
4;"2023-05-28";0;115;30;19;"TIDAK SEHAT"
4;"2023-05-29";0;126;32;19;"TIDAK SEHAT"
4;"2023-05-30";0;128;28;24;"TIDAK SEHAT"
4;"2023-05-31";0;110;26;21;"TIDAK SEHAT"
4;"2023-06-01";0;111;25;23;"TIDAK SEHAT"
4;"2023-06-02";0;136;25;21;"TIDAK SEHAT"
4;"2023-06-03";0;116;21;21;"TIDAK SEHAT"
4;"2023-06-04";0;117;24;21;"TIDAK SEHAT"
4;"2023-06-05";0;105;22;22;"TIDAK SEHAT"
4;"2023-06-06";0;105;25;14;"TIDAK SEHAT"
4;"2023-06-07";0;102;29;18;"TIDAK SEHAT"
4;"2023-06-08";0;118;22;15;"TIDAK SEHAT"
4;"2023-06-09";0;115;24;15;"TIDAK SEHAT"
4;"2023-06-10";0;106;22;18;"TIDAK SEHAT"
4;"2023-06-11";0;116;22;25;"TIDAK SEHAT"
4;"2023-06-12";0;113;20;22;"TIDAK SEHAT"
4;"2023-06-13";0;133;24;19;"TIDAK SEHAT"
4;"2023-06-14";0;102;22;15;"TIDAK SEHAT"
4;"2023-06-15";0;121;31;14;"TIDAK SEHAT"
4;"2023-06-16";0;108;24;14;"TIDAK SEHAT"
1;"2023-06-17";57;85;13;23;"SEDANG"
4;"2023-06-18";0;112;39;12;"TIDAK SEHAT"
4;"2023-06-19";0;83;22;13;"SEDANG"
4;"2023-06-20";0;102;36;11;"TIDAK SEHAT"
4;"2023-06-21";0;108;22;20;"TIDAK SEHAT"
4;"2023-06-22";0;119;40;16;"TIDAK SEHAT"
4;"2023-06-23";0;98;21;17;"SEDANG"
4;"2023-06-24";0;92;21;25;"SEDANG"
4;"2023-06-25";0;104;25;20;"TIDAK SEHAT"
4;"2023-06-26";0;93;24;23;"SEDANG"
4;"2023-06-27";0;113;27;23;"TIDAK SEHAT"
4;"2023-06-28";0;84;19;22;"SEDANG"
4;"2023-06-29";0;64;16;18;"SEDANG"
4;"2023-06-30";0;77;17;21;"SEDANG"
4;"2023-07-01";0;98;27;17;"SEDANG"
1;"2023-07-02";55;83;11;26;"SEDANG"
4;"2023-07-03";0;97;21;23;"SEDANG"
4;"2023-07-04";0;88;22;23;"SEDANG"
4;"2023-07-05";0;119;31;22;"TIDAK SEHAT"
4;"2023-07-06";0;113;38;12;"TIDAK SEHAT"
4;"2023-07-07";0;107;33;12;"TIDAK SEHAT"
4;"2023-07-08";0;98;34;15;"SEDANG"
4;"2023-07-09";0;92;30;13;"SEDANG"
4;"2023-07-10";0;84;18;16;"SEDANG"
4;"2023-07-11";0;151;29;14;"TIDAK SEHAT"
4;"2023-07-12";0;136;29;20;"TIDAK SEHAT"
4;"2023-07-13";0;120;23;29;"TIDAK SEHAT"
4;"2023-07-14";0;104;21;32;"TIDAK SEHAT"
4;"2023-07-15";0;90;20;23;"SEDANG"
4;"2023-07-16";0;101;21;23;"TIDAK SEHAT"
4;"2023-07-17";0;97;19;24;"SEDANG"
4;"2023-07-18";0;114;21;23;"TIDAK SEHAT"
4;"2023-07-19";0;130;22;22;"TIDAK SEHAT"
4;"2023-07-20";0;110;21;30;"TIDAK SEHAT"
4;"2023-07-21";0;112;24;32;"TIDAK SEHAT"
4;"2023-07-22";0;125;24;33;"TIDAK SEHAT"
4;"2023-07-23";0;146;23;22;"TIDAK SEHAT"
4;"2023-07-24";0;104;19;22;"TIDAK SEHAT"
4;"2023-07-25";0;117;27;19;"TIDAK SEHAT"
4;"2023-07-26";0;124;24;28;"TIDAK SEHAT"
4;"2023-07-27";0;129;34;25;"TIDAK SEHAT"
4;"2023-07-28";0;129;31;23;"TIDAK SEHAT"
4;"2023-07-29";0;117;21;26;"TIDAK SEHAT"
4;"2023-07-30";0;129;22;26;"TIDAK SEHAT"
4;"2023-07-31";0;115;18;24;"TIDAK SEHAT"
4;"2023-08-01";0;103;17;20;"TIDAK SEHAT"
4;"2023-08-02";0;99;18;23;"SEDANG"
4;"2023-08-03";0;106;21;22;"TIDAK SEHAT"
4;"2023-08-04";0;110;19;25;"TIDAK SEHAT"
4;"2023-08-05";0;111;18;26;"TIDAK SEHAT"
4;"2023-08-06";0;118;22;23;"TIDAK SEHAT"
4;"2023-08-07";0;139;31;28;"TIDAK SEHAT"
4;"2023-08-08";0;105;19;22;"TIDAK SEHAT"
4;"2023-08-09";0;104;16;24;"TIDAK SEHAT"
4;"2023-08-10";0;102;16;32;"TIDAK SEHAT"
4;"2023-08-11";0;119;21;32;"TIDAK SEHAT"
4;"2023-08-12";0;126;20;29;"TIDAK SEHAT"
4;"2023-08-13";0;128;22;26;"TIDAK SEHAT"
4;"2023-08-14";0;115;19;27;"TIDAK SEHAT"
4;"2023-08-15";0;122;23;30;"TIDAK SEHAT"
4;"2023-08-16";0;138;24;29;"TIDAK SEHAT"
4;"2023-08-17";0;111;23;23;"TIDAK SEHAT"
4;"2023-08-18";0;82;15;25;"SEDANG"
4;"2023-08-19";0;127;23;29;"TIDAK SEHAT"
4;"2023-08-20";0;113;17;28;"TIDAK SEHAT"
4;"2023-08-21";0;105;19;26;"TIDAK SEHAT"
4;"2023-08-22";0;123;22;23;"TIDAK SEHAT"
4;"2023-08-23";0;110;19;26;"TIDAK SEHAT"
4;"2023-08-24";0;114;20;26;"TIDAK SEHAT"
4;"2023-08-25";0;112;20;33;"TIDAK SEHAT"
4;"2023-08-26";0;96;17;30;"SEDANG"
4;"2023-08-27";0;139;23;29;"TIDAK SEHAT"
4;"2023-08-28";0;98;25;20;"SEDANG"
4;"2023-08-29";0;108;22;21;"TIDAK SEHAT"
4;"2023-08-30";0;113;24;29;"TIDAK SEHAT"
4;"2023-08-31";0;108;22;32;"TIDAK SEHAT"
4;"2023-09-01";0;117;24;34;"TIDAK SEHAT"
4;"2023-09-02";0;112;23;33;"TIDAK SEHAT"
4;"2023-09-03";0;102;18;32;"TIDAK SEHAT"
4;"2023-09-04";0;96;18;33;"SEDANG"
4;"2023-09-05";0;134;28;29;"TIDAK SEHAT"
4;"2023-09-06";0;104;21;29;"TIDAK SEHAT"
4;"2023-09-07";88;121;26;39;"TIDAK SEHAT"
4;"2023-09-08";89;117;22;28;"TIDAK SEHAT"
4;"2023-09-09";80;111;21;29;"TIDAK SEHAT"
4;"2023-09-10";69;99;18;27;"SEDANG"
4;"2023-09-11";0;126;22;33;"TIDAK SEHAT"
4;"2023-09-12";81;152;19;19;"TIDAK SEHAT"
4;"2023-09-13";71;107;17;23;"TIDAK SEHAT"
4;"2023-09-14";62;93;16;24;"SEDANG"
4;"2023-09-15";70;108;21;29;"TIDAK SEHAT"
4;"2023-09-16";76;113;20;26;"TIDAK SEHAT"
4;"2023-09-17";77;110;19;25;"TIDAK SEHAT"
4;"2023-09-18";59;86;16;28;"SEDANG"
4;"2023-09-19";77;109;24;40;"TIDAK SEHAT"
4;"2023-09-20";71;98;21;26;"SEDANG"
4;"2023-09-21";69;101;24;29;"TIDAK SEHAT"
4;"2023-09-22";68;93;20;26;"SEDANG"
4;"2023-09-23";78;111;22;30;"TIDAK SEHAT"
4;"2023-09-24";65;92;23;26;"SEDANG"
4;"2023-09-25";76;114;23;0;"TIDAK SEHAT"
4;"2023-09-26";85;249;18;26;"SANGAT TIDAK SEHAT"
4;"2023-09-27";0;217;22;23;"SANGAT TIDAK SEHAT"
4;"2023-09-28";163;287;17;29;"SANGAT TIDAK SEHAT"
4;"2023-09-29";129;143;21;24;"TIDAK SEHAT"
1;"2023-09-30";0;0;0;0;"TIDAK ADA DATA"
4;"2023-10-01";126;199;26;27;"TIDAK SEHAT"
1;"2023-10-02";76;122;8;35;"TIDAK SEHAT"
4;"2023-10-03";64;93;15;28;"SEDANG"
4;"2023-10-04";76;115;20;26;"TIDAK SEHAT"
4;"2023-10-05";84;123;20;21;"TIDAK SEHAT"
4;"2023-10-06";80;111;20;24;"TIDAK SEHAT"
4;"2023-10-07";97;141;33;23;"TIDAK SEHAT"
4;"2023-10-08";97;148;21;21;"TIDAK SEHAT"
4;"2023-10-09";80;122;17;20;"TIDAK SEHAT"
4;"2023-10-10";88;121;16;18;"TIDAK SEHAT"
4;"2023-10-11";75;106;18;19;"TIDAK SEHAT"
4;"2023-10-12";82;123;22;23;"TIDAK SEHAT"
4;"2023-10-13";82;121;19;29;"TIDAK SEHAT"
4;"2023-10-14";78;110;20;24;"TIDAK SEHAT"
4;"2023-10-15";79;117;20;20;"TIDAK SEHAT"
4;"2023-10-16";82;122;20;22;"TIDAK SEHAT"
4;"2023-10-17";81;129;18;24;"TIDAK SEHAT"
4;"2023-10-18";88;122;25;24;"TIDAK SEHAT"
4;"2023-10-19";82;116;19;23;"TIDAK SEHAT"
4;"2023-10-20";75;106;16;23;"TIDAK SEHAT"
4;"2023-10-21";77;109;24;19;"TIDAK SEHAT"
4;"2023-10-22";77;114;26;23;"TIDAK SEHAT"
4;"2023-10-23";86;133;20;22;"TIDAK SEHAT"
4;"2023-10-24";75;107;20;27;"TIDAK SEHAT"
4;"2023-10-25";61;103;20;34;"TIDAK SEHAT"
4;"2023-10-26";82;114;29;26;"TIDAK SEHAT"
4;"2023-10-27";83;116;27;27;"TIDAK SEHAT"
4;"2023-10-28";81;122;26;22;"TIDAK SEHAT"
4;"2023-10-29";94;150;20;25;"TIDAK SEHAT"
4;"2023-10-30";92;108;22;28;"TIDAK SEHAT"
4;"2023-10-31";81;108;22;33;"TIDAK SEHAT"
4;"2023-11-01";80;104;24;24;"TIDAK SEHAT"
4;"2023-11-02";80;109;31;27;"TIDAK SEHAT"
4;"2023-11-03";82;108;34;24;"TIDAK SEHAT"
4;"2023-11-04";89;124;32;19;"TIDAK SEHAT"
4;"2023-11-05";59;74;22;15;"SEDANG"
4;"2023-11-06";67;92;43;0;"SEDANG"
4;"2023-11-07";71;107;26;18;"TIDAK SEHAT"
4;"2023-11-08";66;92;21;18;"SEDANG"
4;"2023-11-09";73;109;20;24;"TIDAK SEHAT"
4;"2023-11-10";78;109;27;27;"TIDAK SEHAT"
5;"2023-11-11";58;91;18;57;"SEDANG"
4;"2023-11-12";65;93;21;23;"SEDANG"
2;"2023-11-13";72;94;12;29;"SEDANG"
4;"2023-11-14";75;109;22;19;"TIDAK SEHAT"
4;"2023-11-15";55;79;20;15;"SEDANG"
4;"2023-11-16";63;95;25;21;"SEDANG"
4;"2023-11-17";65;87;27;25;"SEDANG"
1;"2023-11-18";53;120;14;34;"TIDAK SEHAT"
1;"2023-11-19";54;80;16;32;"SEDANG"
5;"2023-11-20";46;71;13;81;"SEDANG"
4;"2023-11-21";59;89;18;19;"SEDANG"
4;"2023-11-22";58;74;19;24;"SEDANG"
1;"2023-11-23";56;93;11;38;"SEDANG"
5;"2023-11-24";71;112;23;54;"TIDAK SEHAT"
5;"2023-11-25";63;101;20;49;"TIDAK SEHAT"
1;"2023-11-26";55;75;15;15;"SEDANG"
3;"2023-11-27";54;77;13;27;"SEDANG"
1;"2023-11-28";62;96;15;29;"SEDANG"
4;"2023-11-29";71;105;19;22;"TIDAK SEHAT"
1;"2023-11-30";38;67;12;34;"SEDANG"
4;"2023-12-01";64;93;7;27;"SEDANG"
4;"2023-12-02";60;94;9;20;"SEDANG"
4;"2023-12-03";55;100;7;26;"SEDANG"
4;"2023-12-04";65;95;9;18;"SEDANG"
4;"2023-12-05";74;117;9;21;"TIDAK SEHAT"
4;"2023-12-06";70;107;0;0;"TIDAK SEHAT"
4;"2023-12-07";53;88;11;13;"SEDANG"
4;"2023-12-08";50;85;6;25;"SEDANG"
3;"2023-12-09";59;94;10;25;"SEDANG"
4;"2023-12-10";42;72;8;10;"SEDANG"
4;"2023-12-11";44;72;6;10;"SEDANG"
4;"2023-12-12";37;62;3;16;"SEDANG"
3;"2023-12-13";45;71;9;13;"SEDANG"
3;"2023-12-14";46;71;8;11;"SEDANG"
4;"2023-12-15";27;60;1;13;"SEDANG"
4;"2023-12-16";56;83;5;14;"SEDANG"
4;"2023-12-17";65;98;14;13;"SEDANG"
4;"2023-12-18";61;96;7;17;"SEDANG"
4;"2023-12-19";64;99;10;20;"SEDANG"
4;"2023-12-20";85;154;10;11;"TIDAK SEHAT"
3;"2023-12-21";57;86;7;27;"SEDANG"
4;"2023-12-22";49;65;5;10;"SEDANG"
2;"2023-12-23";26;40;38;21;"SEDANG"
3;"2023-12-24";58;92;10;17;"SEDANG"
2;"2023-12-25";36;51;45;20;"SEDANG"
2;"2023-12-26";43;62;54;21;"SEDANG"
2;"2023-12-27";29;42;42;15;"SEDANG"
3;"2023-12-28";46;66;8;8;"SEDANG"
2;"2023-12-29";23;23;12;16;"SEDANG"
4;"2023-12-30";32;64;7;8;"SEDANG"
4;"2023-12-31";49;73;0;0;"SEDANG"
4;"2024-01-01";74;110;20;24;"TIDAK SEHAT"
1;"2024-01-02";53;93;4;12;"SEDANG"
4;"2024-01-03";54;66;7;18;"SEDANG"
1;"2024-01-04";30;0;20;8;"TIDAK SEHAT"
4;"2024-01-05";61;62;14;17;"SEDANG"
4;"2024-01-06";51;70;10;31;"SEDANG"
2;"2024-01-07";59;87;14;34;"SEDANG"
4;"2024-01-08";55;76;22;21;"SEDANG"
4;"2024-01-09";61;84;14;17;"SEDANG"
4;"2024-01-10";70;102;11;26;"TIDAK SEHAT"
4;"2024-01-11";63;81;16;17;"SEDANG"
2;"2024-01-12";27;39;11;14;"SEDANG"
3;"2024-01-13";50;66;7;11;"SEDANG"
4;"2024-01-14";50;64;9;16;"SEDANG"
5;"2024-01-15";51;81;11;55;"SEDANG"
4;"2024-01-16";49;62;6;11;"SEDANG"
3;"2024-01-17";50;65;8;5;"SEDANG"
3;"2024-01-18";56;76;13;6;"SEDANG"
3;"2024-01-19";32;34;6;9;"SEDANG"
3;"2024-01-20";32;45;7;8;"SEDANG"
3;"2024-01-21";51;65;9;8;"SEDANG"
3;"2024-01-22";27;34;5;8;"SEDANG"
4;"2024-01-23";36;58;5;9;"SEDANG"
3;"2024-01-24";46;65;8;9;"SEDANG"
4;"2024-01-25";46;62;7;12;"SEDANG"
4;"2024-01-26";58;77;7;16;"SEDANG"
2;"2024-01-27";24;23;5;16;"SEDANG"
5;"2024-01-28";46;66;18;34;"SEDANG"
4;"2024-01-29";51;63;14;11;"SEDANG"
4;"2024-01-30";71;82;23;13;"SEDANG"
4;"2024-01-31";40;57;7;17;"SEDANG"
4;"2024-02-01";68;90;15;18;"SEDANG"
5;"2024-02-02";47;68;18;28;"SEDANG"
4;"2024-02-03";0;56;7;11;"SEDANG"
2;"2024-02-04";27;43;7;12;"SEDANG"
4;"2024-02-05";54;77;10;6;"SEDANG"
3;"2024-02-06";61;74;16;9;"SEDANG"
4;"2024-02-07";40;58;6;4;"SEDANG"
4;"2024-02-08";64;90;10;4;"SEDANG"
4;"2024-02-09";67;86;0;7;"SEDANG"
4;"2024-02-10";57;74;0;8;"SEDANG"
4;"2024-02-11";63;85;9;6;"SEDANG"
4;"2024-02-12";61;80;4;5;"SEDANG"
3;"2024-02-13";57;72;14;18;"TIDAK SEHAT"
3;"2024-02-14";43;55;10;20;"SANGAT TIDAK SEHAT"
4;"2024-02-15";53;76;24;7;"SEDANG"
4;"2024-02-16";81;103;24;6;"TIDAK SEHAT"
4;"2024-02-17";59;74;22;6;"SEDANG"
4;"2024-02-18";57;71;21;7;"SEDANG"
4;"2024-02-19";68;91;23;6;"SEDANG"
4;"2024-02-20";71;94;22;7;"SEDANG"
5;"2024-02-21";55;94;12;115;"TIDAK SEHAT"
4;"2024-02-22";70;86;21;8;"SEDANG"
2;"2024-02-23";49;62;9;16;"SEDANG"
4;"2024-02-24";54;67;18;6;"SEDANG"
2;"2024-02-25";28;39;4;16;"SEDANG"
3;"2024-02-26";41;56;10;12;"SEDANG"
4;"2024-02-27";70;96;28;5;"SEDANG"
2;"2024-02-28";51;62;9;11;"SEDANG"
4;"2024-02-29";57;59;22;6;"SEDANG"
5;"2024-03-01";52;82;29;50;"SEDANG"
4;"2024-03-02";59;72;21;8;"SEDANG"
4;"2024-03-03";46;58;21;6;"SEDANG"
3;"2024-03-04";43;56;14;13;"SEDANG"
3;"2024-03-05";44;56;9;13;"SEDANG"
3;"2024-03-06";48;61;8;9;"SEDANG"
2;"2024-03-07";31;46;6;19;"SEDANG"
2;"2024-03-08";24;44;4;20;"SEDANG"
2;"2024-03-09";33;45;6;13;"SEDANG"
4;"2024-03-10";72;96;39;5;"SEDANG"
3;"2024-03-11";51;63;20;0;"SEDANG"
5;"2024-03-12";30;56;15;51;"SEDANG"
3;"2024-03-13";54;68;9;16;"SEDANG"
3;"2024-03-14";0;65;11;12;"SEDANG"
3;"2024-03-15";23;40;8;10;"SEDANG"
2;"2024-03-16";26;32;6;18;"SEDANG"
3;"2024-03-17";18;21;5;10;"SEDANG"
2;"2024-03-18";26;33;5;16;"SEDANG"
3;"2024-03-19";43;63;9;10;"SEDANG"
3;"2024-03-20";41;62;7;10;"SEDANG"
3;"2024-03-21";50;68;8;13;"SEDANG"
5;"2024-03-22";31;43;17;55;"SEDANG"
4;"2024-03-23";70;122;40;8;"TIDAK SEHAT"
5;"2024-03-24";54;83;19;74;"SEDANG"
4;"2024-03-25";50;69;17;12;"SEDANG"
4;"2024-03-26";0;93;23;9;"SEDANG"
4;"2024-03-27";64;92;25;8;"SEDANG"
4;"2024-03-28";90;128;27;12;"TIDAK SEHAT"
5;"2024-03-29";65;104;24;70;"TIDAK SEHAT"
5;"2024-03-30";60;87;25;68;"SEDANG"
5;"2024-03-31";57;94;28;79;"SEDANG"
4;"2024-04-01";83;113;27;13;"TIDAK SEHAT"
5;"2024-04-02";72;120;35;69;"TIDAK SEHAT"
4;"2024-04-03";70;97;20;15;"SEDANG"
5;"2024-04-04";51;77;28;62;"SEDANG"
5;"2024-04-05";74;125;31;69;"TIDAK SEHAT"
3;"2024-04-06";62;92;19;16;"SEDANG"
4;"2024-04-07";60;83;19;19;"SEDANG"
2;"2024-04-08";55;82;14;29;"SEDANG"
3;"2024-04-09";54;84;11;22;"SEDANG"
4;"2024-04-10";73;96;33;14;"SEDANG"
4;"2024-04-11";45;62;17;15;"SEDANG"
5;"2024-04-12";25;51;14;74;"SEDANG"
5;"2024-04-13";35;61;23;62;"SEDANG"
5;"2024-04-14";28;55;15;79;"SEDANG"
5;"2024-04-15";30;54;20;62;"SEDANG"
4;"2024-04-16";43;64;16;11;"SEDANG"
5;"2024-04-17";41;71;18;77;"SEDANG"
2;"2024-04-18";52;70;13;23;"SEDANG"
2;"2024-04-19";51;64;8;20;"SEDANG"
4;"2024-04-20";69;95;22;9;"SEDANG"
4;"2024-04-21";58;76;18;10;"SEDANG"
5;"2024-04-22";56;85;26;56;"SEDANG"
4;"2024-04-23";63;84;23;11;"SEDANG"
5;"2024-04-24";52;78;21;70;"SEDANG"
5;"2024-04-25";49;75;22;83;"SEDANG"
4;"2024-04-26";56;71;12;13;"SEDANG"
4;"2024-04-27";62;80;18;10;"SEDANG"
4;"2024-04-28";60;80;24;14;"SEDANG"
4;"2024-04-29";60;81;13;18;"SEDANG"
4;"2024-04-30";70;91;16;18;"SEDANG"
2;"2024-05-01";51;66;6;24;"SEDANG"
5;"2024-05-02";53;81;17;62;"SEDANG"
5;"2024-05-03";58;95;18;75;"SEDANG"
5;"2024-05-04";62;97;22;57;"SEDANG"
4;"2024-05-05";79;107;32;15;"TIDAK SEHAT"
4;"2024-05-06";71;97;19;17;"SEDANG"
5;"2024-05-07";68;111;21;54;"TIDAK SEHAT"
5;"2024-05-08";65;107;20;58;"TIDAK SEHAT"
4;"2024-05-09";85;111;18;13;"TIDAK SEHAT"
2;"2024-05-10";68;103;8;23;"TIDAK SEHAT"
2;"2024-05-11";64;92;7;24;"SEDANG"
2;"2024-05-12";65;89;8;21;"SEDANG"
4;"2024-05-13";62;82;15;14;"SEDANG"
5;"2024-05-14";60;101;23;61;"TIDAK SEHAT"
4;"2024-05-15";75;98;12;12;"SEDANG"
2;"2024-05-16";77;115;8;20;"TIDAK SEHAT"
2;"2024-05-17";72;102;12;20;"TIDAK SEHAT"
2;"2024-05-18";75;110;17;21;"TIDAK SEHAT"
2;"2024-05-19";67;95;14;22;"SEDANG"
4;"2024-05-20";83;110;18;20;"TIDAK SEHAT"
4;"2024-05-21";83;107;17;20;"TIDAK SEHAT"
5;"2024-05-22";68;108;21;66;"TIDAK SEHAT"
4;"2024-05-23";78;95;15;16;"SEDANG"
4;"2024-05-24";82;95;18;10;"SEDANG"
5;"2024-05-25";29;53;18;57;"SEDANG"
5;"2024-05-26";62;94;26;57;"SEDANG"
4;"2024-05-27";81;104;13;22;"TIDAK SEHAT"
5;"2024-05-28";66;110;26;64;"TIDAK SEHAT"
4;"2024-05-29";77;94;11;18;"SEDANG"
4;"2024-05-30";77;100;11;19;"SEDANG"
5;"2024-05-31";62;111;21;69;"TIDAK SEHAT"
5;"2024-06-01";70;124;25;67;"TIDAK SEHAT"
5;"2024-06-02";66;112;24;70;"TIDAK SEHAT"
5;"2024-06-03";43;66;18;76;"SEDANG"
4;"2024-06-04";87;106;13;12;"TIDAK SEHAT"
5;"2024-06-05";74;128;31;71;"TIDAK SEHAT"
2;"2024-06-06";62;87;12;21;"SEDANG"
5;"2024-06-07";60;103;21;68;"TIDAK SEHAT"
5;"2024-06-08";63;109;24;58;"TIDAK SEHAT"
5;"2024-06-09";60;99;20;72;"SEDANG"
5;"2024-06-10";60;104;27;61;"TIDAK SEHAT"
2;"2024-06-11";58;99;11;19;"SEDANG"
5;"2024-06-12";56;92;27;66;"SEDANG"
4;"2024-06-13";61;72;12;4;"SEDANG"
3;"2024-06-14";53;80;15;10;"SEDANG"
2;"2024-06-15";55;77;10;23;"SEDANG"
5;"2024-06-16";44;74;23;63;"SEDANG"
3;"2024-06-17";53;81;10;15;"SEDANG"
3;"2024-06-18";92;141;26;11;"TIDAK SEHAT"
5;"2024-06-19";67;112;29;48;"TIDAK SEHAT"
2;"2024-06-20";67;94;11;22;"SEDANG"
5;"2024-06-21";64;110;23;38;"TIDAK SEHAT"
5;"2024-06-22";63;105;22;51;"TIDAK SEHAT"
2;"2024-06-23";83;104;13;20;"TIDAK SEHAT"
5;"2024-06-24";60;103;22;39;"TIDAK SEHAT"
3;"2024-06-25";62;98;12;13;"SEDANG"
5;"2024-06-26";55;84;29;29;"SEDANG"
2;"2024-06-27";74;96;10;16;"SEDANG"
2;"2024-06-28";59;75;10;14;"SEDANG"
5;"2024-06-29";55;87;30;46;"SEDANG"
2;"2024-06-30";55;68;17;14;"SEDANG"
4;"2024-07-01";73;98;30;18;"SEDANG"
1;"2024-07-02";55;74;26;25;"SEDANG"
5;"2024-07-03";0;121;33;43;"TIDAK SEHAT"
5;"2024-07-04";0;84;29;0;"SEDANG"
5;"2024-07-05";0;78;24;23;"SEDANG"
3;"2024-07-06";28;50;8;6;"SEDANG"
3;"2024-07-07";22;32;11;8;"SEDANG"
3;"2024-07-08";36;60;11;11;"SEDANG"
1;"2024-07-09";43;66;31;28;"SEDANG"
2;"2024-07-10";62;79;10;22;"SEDANG"
5;"2024-07-11";66;117;27;25;"TIDAK SEHAT"
2;"2024-07-12";70;98;12;29;"SEDANG"
5;"2024-07-13";65;112;29;25;"TIDAK SEHAT"
5;"2024-07-14";59;104;25;27;"TIDAK SEHAT"
2;"2024-07-15";66;96;15;33;"SEDANG"
5;"2024-07-16";53;99;24;37;"SEDANG"
5;"2024-07-17";57;99;25;27;"SEDANG"
2;"2024-07-18";71;95;11;30;"SEDANG"
5;"2024-07-19";47;93;20;53;"SEDANG"
5;"2024-07-20";51;91;19;54;"SEDANG"
2;"2024-07-21";63;89;11;30;"SEDANG"
5;"2024-07-22";39;82;18;61;"SEDANG"
1;"2024-07-23";63;92;25;33;"SEDANG"
2;"2024-07-24";80;115;12;30;"TIDAK SEHAT"
2;"2024-07-25";70;92;11;36;"SEDANG"
2;"2024-07-26";64;93;11;28;"SEDANG"
2;"2024-07-27";70;100;10;28;"SEDANG"
2;"2024-07-28";72;104;10;33;"TIDAK SEHAT"
4;"2024-07-29";83;97;20;31;"SEDANG"
2;"2024-07-30";75;106;11;27;"TIDAK SEHAT"
4;"2024-07-31";96;113;28;28;"TIDAK SEHAT"
5;"2024-08-01";57;107;20;55;"TIDAK SEHAT"
5;"2024-08-02";54;90;21;53;"SEDANG"
2;"2024-08-03";56;70;9;21;"SEDANG"
2;"2024-08-04";54;83;13;23;"SEDANG"
5;"2024-08-05";51;84;19;47;"SEDANG"
2;"2024-08-06";61;83;10;25;"SEDANG"
5;"2024-08-07";53;101;20;44;"TIDAK SEHAT"
5;"2024-08-08";64;118;24;32;"TIDAK SEHAT"
5;"2024-08-09";52;97;20;39;"SEDANG"
5;"2024-08-10";43;89;18;43;"SEDANG"
5;"2024-08-11";43;85;17;51;"SEDANG"
5;"2024-08-12";36;86;18;42;"SEDANG"
5;"2024-08-13";59;110;23;32;"TIDAK SEHAT"
5;"2024-08-14";58;109;22;40;"TIDAK SEHAT"
5;"2024-08-15";48;100;21;50;"SEDANG"
5;"2024-08-16";55;103;22;45;"TIDAK SEHAT"
5;"2024-08-17";51;107;22;51;"TIDAK SEHAT"
5;"2024-08-18";55;107;21;50;"TIDAK SEHAT"
5;"2024-08-19";46;94;19;57;"SEDANG"
5;"2024-08-20";62;115;22;52;"TIDAK SEHAT"
5;"2024-08-21";64;118;21;54;"TIDAK SEHAT"
4;"2024-08-22";86;102;19;47;"TIDAK SEHAT"
4;"2024-08-23";87;103;20;31;"TIDAK SEHAT"
2;"2024-08-24";66;101;10;28;"TIDAK SEHAT"
2;"2024-08-25";65;93;9;30;"SEDANG"
5;"2024-08-26";54;102;21;40;"TIDAK SEHAT"
5;"2024-08-27";65;116;22;58;"TIDAK SEHAT"
2;"2024-08-28";71;94;9;32;"SEDANG"
4;"2024-08-29";187;123;23;48;"TIDAK SEHAT"
5;"2024-08-30";65;127;23;47;"TIDAK SEHAT"
4;"2024-08-31";133;135;19;38;"TIDAK SEHAT"
5;"2024-09-01";49;93;20;46;"SEDANG"
5;"2024-09-02";37;85;17;67;"SEDANG"
2;"2024-09-03";55;100;12;31;"SEDANG"
2;"2024-09-04";56;89;9;34;"SEDANG"
4;"2024-09-05";118;69;16;31;"TIDAK SEHAT"
1;"2024-09-06";56;86;26;20;"SEDANG"
4;"2024-09-07";162;97;17;39;"TIDAK SEHAT"
1;"2024-09-08";54;84;22;21;"SEDANG"
2;"2024-09-09";55;72;8;24;"SEDANG"
2;"2024-09-10";61;79;15;15;"SEDANG"
5;"2024-09-11";26;68;19;28;"SEDANG"
5;"2024-09-12";23;103;20;54;"TIDAK SEHAT"
5;"2024-09-13";38;81;21;49;"SEDANG"
5;"2024-09-14";34;88;19;49;"SEDANG"
5;"2024-09-15";28;87;20;45;"SEDANG"
5;"2024-09-16";26;93;20;44;"SEDANG"
2;"2024-09-17";65;87;11;35;"SEDANG"
2;"2024-09-18";59;84;11;32;"SEDANG"
2;"2024-09-19";72;89;11;33;"SEDANG"
1;"2024-09-20";59;88;24;34;"SEDANG"
5;"2024-09-21";37;98;19;57;"SEDANG"
5;"2024-09-22";30;109;20;62;"TIDAK SEHAT"
5;"2024-09-23";21;92;19;55;"SEDANG"
5;"2024-09-24";37;85;21;42;"SEDANG"
5;"2024-09-25";47;109;28;44;"TIDAK SEHAT"
5;"2024-09-26";35;79;26;42;"SEDANG"
5;"2024-09-27";27;80;23;42;"SEDANG"
5;"2024-09-28";30;99;22;47;"SEDANG"
4;"2024-09-29";90;104;27;31;"TIDAK SEHAT"
5;"2024-09-30";18;79;20;35;"SEDANG"
5;"2024-10-01";33;103;22;51;"TIDAK SEHAT"
5;"2024-10-02";25;90;20;54;"SEDANG"
2;"2024-10-03";69;96;12;25;"SEDANG"
5;"2024-10-04";30;94;22;46;"SEDANG"
2;"2024-10-05";62;82;15;23;"SEDANG"
5;"2024-10-06";19;76;21;49;"SEDANG"
5;"2024-10-07";35;121;27;46;"TIDAK SEHAT"
2;"2024-10-08";63;84;12;25;"SEDANG"
5;"2024-10-09";24;82;20;52;"SEDANG"
5;"2024-10-10";32;92;20;52;"SEDANG"
5;"2024-10-11";20;102;23;44;"TIDAK SEHAT"
5;"2024-10-12";21;92;20;48;"SEDANG"
5;"2024-10-13";0;111;21;51;"TIDAK SEHAT"
5;"2024-10-14";68;113;22;48;"TIDAK SEHAT"
5;"2024-10-15";34;84;19;61;"SEDANG"
5;"2024-10-16";32;111;22;59;"TIDAK SEHAT"
2;"2024-10-17";60;77;14;32;"SEDANG"
2;"2024-10-18";61;80;12;40;"SEDANG"
2;"2024-10-19";78;102;13;34;"TIDAK SEHAT"
5;"2024-10-20";55;84;18;33;"SEDANG"
1;"2024-10-21";51;82;23;28;"SEDANG"
2;"2024-10-22";85;106;14;34;"TIDAK SEHAT"
2;"2024-10-23";68;90;11;38;"SEDANG"
5;"2024-10-24";43;79;17;55;"SEDANG"
5;"2024-10-25";50;82;20;59;"SEDANG"
5;"2024-10-26";50;78;21;44;"SEDANG"
1;"2024-10-27";54;78;23;34;"SEDANG"
2;"2024-10-28";64;90;13;30;"SEDANG"
2;"2024-10-29";65;86;14;31;"SEDANG"
5;"2024-10-30";56;99;20;58;"SEDANG"
5;"2024-10-31";55;89;20;52;"SEDANG"
5;"2024-11-01";66;105;22;49;"TIDAK SEHAT"
5;"2024-11-02";60;97;22;44;"SEDANG"
3;"2024-11-03";46;65;16;18;"SEDANG"
3;"2024-11-04";40;60;15;26;"SEDANG"
5;"2024-11-05";0;85;21;51;"SEDANG"
5;"2024-11-06";0;78;22;44;"SEDANG"
5;"2024-11-07";0;108;23;58;"TIDAK SEHAT"
5;"2024-11-08";0;109;22;53;"TIDAK SEHAT"
2;"2024-11-09";71;100;11;31;"SEDANG"
2;"2024-11-10";60;77;20;21;"SEDANG"
1;"2024-11-11";51;71;30;18;"SEDANG"
3;"2024-11-12";30;51;13;19;"SEDANG"
5;"2024-11-13";0;113;32;39;"TIDAK SEHAT"
5;"2024-11-14";0;124;24;57;"TIDAK SEHAT"
5;"2024-11-15";0;133;21;44;"TIDAK SEHAT"
5;"2024-11-16";0;141;19;61;"TIDAK SEHAT"
5;"2024-11-17";0;157;33;55;"TIDAK SEHAT"
5;"2024-11-18";0;87;17;51;"SEDANG"
5;"2024-11-19";0;86;21;38;"SEDANG"
5;"2024-11-20";0;73;22;49;"SEDANG"
2;"2024-11-21";57;70;12;19;"SEDANG"
5;"2024-11-22";0;71;17;33;"SEDANG"
3;"2024-11-23";48;64;14;16;"SEDANG"
3;"2024-11-24";48;55;11;13;"SEDANG"
3;"2024-11-25";30;50;11;14;"SEDANG"
3;"2024-11-26";40;60;10;17;"SEDANG"
3;"2024-11-27";50;63;13;13;"SEDANG"
2;"2024-11-28";30;44;13;11;"SEDANG"
3;"2024-11-29";21;10;6;13;"SEDANG"
3;"2024-11-30";35;10;7;10;"SEDANG"
1;"2024-12-01";32;65;7;9;"BAIK"
1;"2024-12-02";19;52;6;9;"BAIK"
1;"2024-12-03";19;31;4;12;"BAIK"
1;"2024-12-04";30;45;7;10;"BAIK"
1;"2024-12-05";17;26;3;12;"BAIK"
1;"2024-12-06";26;47;4;11;"BAIK"
1;"2024-12-07";66;103;27;12;"SEDANG"
1;"2024-12-08";38;67;15;18;"SEDANG"
1;"2024-12-09";42;69;11;11;"SEDANG"
1;"2024-12-10";38;56;12;7;"BAIK"
1;"2024-12-11";14;26;3;11;"BAIK"
1;"2024-12-12";19;40;3;13;"BAIK"
2;"2024-12-13";36;49;10;11;"SEDANG"
1;"2024-12-14";22;40;4;11;"BAIK"
1;"2024-12-15";18;40;6;10;"BAIK"
1;"2024-12-16";27;48;5;10;"BAIK"
1;"2024-12-17";27;37;6;10;"BAIK"
1;"2024-12-18";50;67;8;8;"BAIK"
1;"2024-12-19";18;35;5;8;"BAIK"
1;"2024-12-20";25;46;5;10;"BAIK"
1;"2024-12-21";23;53;5;11;"BAIK"
1;"2024-12-22";53;80;11;13;"SEDANG"
1;"2024-12-23";52;78;15;11;"BAIK"
2;"2024-12-24";49;63;20;14;"SEDANG"
1;"2024-12-25";52;79;11;11;"SEDANG"
1;"2024-12-26";39;62;11;9;"SEDANG"
1;"2024-12-27";53;83;10;11;"SEDANG"
1;"2024-12-28";64;101;9;11;"SEDANG"
2;"2024-12-29";49;61;13;14;"SEDANG"
2;"2024-12-30";34;50;11;14;"BAIK"
2;"2024-12-31";29;35;11;12;"BAIK"
3;"2025-01-01";49;73;8;10;"SEDANG"
3;"2025-01-02";28;60;6;11;"SEDANG"
3;"2025-01-03";38;69;8;13;"SEDANG"
3;"2025-01-04";34;62;5;10;"SEDANG"
3;"2025-01-05";41;68;7;9;"SEDANG"
3;"2025-01-06";51;79;13;13;"SEDANG"
3;"2025-01-07";51;71;8;10;"SEDANG"
3;"2025-01-08";31;54;5;12;"SEDANG"
3;"2025-01-09";20;51;8;13;"SEDANG"
3;"2025-01-10";53;77;15;16;"SEDANG"
3;"2025-01-11";29;63;8;23;"SEDANG"
3;"2025-01-12";37;64;8;13;"SEDANG"
3;"2025-01-13";36;59;8;10;"SEDANG"
1;"2025-01-14";32;54;15;6;"SEDANG"
1;"2025-01-15";34;51;15;8;"SEDANG"
1;"2025-01-16";40;57;15;6;"SEDANG"
3;"2025-01-17";33;59;7;11;"SEDANG"
5;"2025-01-18";7;25;3;55;"SEDANG"
1;"2025-01-19";29;50;12;10;"BAIK"
5;"2025-01-20";10;43;3;52;"SEDANG"
3;"2025-01-21";40;58;14;11;"SEDANG"
5;"2025-01-22";15;53;10;26;"SEDANG"
3;"2025-01-23";57;90;20;13;"SEDANG"
3;"2025-01-24";51;75;14;11;"SEDANG"
5;"2025-01-25";16;64;10;24;"SEDANG"
3;"2025-01-26";42;63;14;8;"SEDANG"
3;"2025-01-27";26;54;6;9;"SEDANG"
3;"2025-01-28";23;46;5;9;"BAIK"
3;"2025-01-29";25;40;10;9;"BAIK"
4;"2025-01-30";50;52;9;22;"SEDANG"
3;"2025-01-31";32;55;10;18;"SEDANG"
3;"2025-02-01";33;57;9;19;"SEDANG"
3;"2025-02-02";41;68;13;17;"SEDANG"
3;"2025-02-03";41;64;13;17;"SEDANG"
3;"2025-02-04";54;84;15;16;"SEDANG"
1;"2025-02-05";40;47;13;10;"BAIK"
1;"2025-02-06";41;53;14;11;"SEDANG"
3;"2025-02-07";31;58;12;18;"SEDANG"
3;"2025-02-08";35;56;10;16;"SEDANG"
3;"2025-02-09";45;60;12;15;"SEDANG"
3;"2025-02-10";49;69;13;16;"SEDANG"
3;"2025-02-11";46;66;12;19;"SEDANG"
3;"2025-02-12";57;85;14;19;"SEDANG"
2;"2025-02-13";65;79;4;20;"SEDANG"
3;"2025-02-14";47;71;9;12;"SEDANG"
3;"2025-02-15";35;60;7;10;"SEDANG"
3;"2025-02-16";61;92;0;0;"SEDANG"
3;"2025-02-17";53;75;13;7;"SEDANG"
2;"2025-02-18";49;69;29;7;"SEDANG"
5;"2025-02-19";24;92;18;23;"SEDANG"
3;"2025-02-20";32;56;9;11;"SEDANG"
1;"2025-02-21";51;72;20;9;"SEDANG"
3;"2025-02-22";40;70;8;9;"SEDANG"
5;"2025-02-23";35;78;13;16;"SEDANG"
3;"2025-02-24";45;70;18;19;"SEDANG"
5;"2025-02-25";18;75;13;25;"SEDANG"
3;"2025-02-26";46;65;11;11;"SEDANG"
5;"2025-02-27";29;111;21;34;"TIDAK SEHAT"
5;"2025-02-28";20;71;9;31;"SEDANG"
